ply,move_number,side,player,san,uci,fen_before,fen_after,E_before,E_after,search_depth,adaptive_c,U_current,U_after_move,delta_u,U_player_current,U_before,U_after,delta_U,delta_Q,delta_W,delta_A,decomposition_error,entropy_current,N_eff,N_eff_before,N_eff_after,effective_moves_current,selected_depth,adaptive_depth_before,adaptive_depth_after,K_expanded,old_support_size,new_support_size,common_support_size,common_mass_old,common_mass_new,common_probability_mass_old,common_probability_mass_new,old_only_probability_mass,new_only_probability_mass,boundary_accessibility,nodes_evaluated,static_evaluations,recursive_nodes,maximum_depth_reached,average_K,cache_hits,search_elapsed_time,selected_move,selected_for_deeper_analysis,selected_reply_expected_value,predicted_reply_expected_value,predicted_reply_entropy,reply_realized_value,prediction_error,repetition_count,is_twofold_repetition,is_threefold_repetition,can_claim_threefold_repetition,is_fivefold_repetition,is_checkmate,is_stalemate
1,1,white,White material conservative,e3,e2e3,rnbqkbnr/pppppppp/8/8/8/8/PPPPPPPP/RNBQKBNR w KQkq - 0 1,rnbqkbnr/pppppppp/8/8/8/4P3/PPPP1PPP/RNBQKBNR b KQkq - 0 1,0.0,0.18250000000000002,4,0.4,0.040103527152818376,0.17587179776134246,0.1357682706085241,0.040103527152818376,0.040103527152818376,0.17587179776134246,0.1357682706085241,0,0,0.1357682706085241,0.0,2.566852304288482,13.024761861530884,13.024761861530884,12.644396347905158,13.024761861530884,2,2,2,6,20,20,0,0,0,0,0,1.0,1.0,-6.938893903907228e-18,738,2710,721,2,5.15,827,5.430060947000129,e2e3,True,0.17587179776134246,0.17587179776134246,2.537214140580292,0.0,-0.17587179776134246,1,False,False,False,False,False,False
2,2,black,Black positional controller,e6,e7e6,rnbqkbnr/pppppppp/8/8/8/4P3/PPPP1PPP/RNBQKBNR b KQkq - 0 1,rnbqkbnr/pppp1ppp/4p3/8/8/4P3/PPPP1PPP/RNBQKBNR w KQkq - 0 2,0.18250000000000002,0.0,4,0.4,-0.021431315641510018,0.06619820336929395,0.08762951901080397,-0.021431315641510018,-0.021431315641510018,0.06619820336929395,0.08762951901080397,0,0,0.08762951901080397,0.0,1.450342511770408,4.264574932159587,4.264574932159587,1.7592975711034033,4.264574932159587,3,3,4,2,20,30,0,0,0,0,0,1.0,1.0,1.3877787807814457e-17,199,2890,180,4,1.3846153846153846,123,5.316431315000045,e7e6,False,0.06619820336929395,0.06619820336929395,0.564914622057922,0.2429166666666665,0.17671846329737256,1,False,False,False,False,False,False
3,2,white,White material conservative,Qh5,d1h5,rnbqkbnr/pppp1ppp/4p3/8/8/4P3/PPPP1PPP/RNBQKBNR w KQkq - 0 2,rnbqkbnr/pppp1ppp/4p3/7Q/8/4P3/PPPP1PPP/RNB1KBNR b KQkq - 1 2,0.0,0.2429166666666665,4,0.4,0.12672497263956012,0.17925223623630268,0.05252726359674256,0.12672497263956012,0.12672497263956012,0.17925223623630268,0.05252726359674256,0,0,0.05252726359674256,0.0,2.7532216841978654,15.693108770777085,15.693108770777085,14.256632484119514,15.693108770777085,1,1,2,7,30,27,0,0,0,0,0,1.0,1.0,0.0,473,2412,443,4,5.151162790697675,414,3.582108405999861,d1h5,True,0.17925223623630268,0.17925223623630268,2.6572222359143036,0.03791666666666669,-0.141335569569636,1,False,False,False,False,False,False
4,3,black,Black positional controller,Qf6,d8f6,rnbqkbnr/pppp1ppp/4p3/7Q/8/4P3/PPPP1PPP/RNB1KBNR b KQkq - 1 2,rnb1kbnr/pppp1ppp/4pq2/7Q/8/4P3/PPPP1PPP/RNB1KBNR w KQkq - 2 3,0.2429166666666665,0.03791666666666669,4,0.4,0.040306011218965994,0.11310174198116563,0.07279573076219964,0.040306011218965994,0.040306011218965994,0.11310174198116563,0.07279573076219964,0,0,0.07279573076219964,0.0,0.17971879289315268,1.1968807444228629,1.1968807444228629,6.130142431019103,1.1968807444228629,4,4,3,1,27,44,0,0,0,0,0,1.0,1.0,0.0,297,4465,275,4,1.5895953757225434,240,8.003390043000763,d8f6,False,0.11310174198116563,0.11310174198116563,1.8132179847547156,0.12124999999999997,0.008148258018834342,1,False,False,False,False,False,False
5,3,white,White material conservative,Bd3,f1d3,rnb1kbnr/pppp1ppp/4pq2/7Q/8/4P3/PPPP1PPP/RNB1KBNR w KQkq - 2 3,rnb1kbnr/pppp1ppp/4pq2/7Q/8/3BP3/PPPP1PPP/RNB1K1NR b KQkq - 3 3,0.03791666666666669,0.12124999999999997,4,0.4,0.0733029133969568,0.10996807189848137,0.036665158501524575,0.0733029133969568,0.0733029133969568,0.10996807189848137,0.036665158501524575,0,0,0.036665158501524575,0.0,3.023444374534422,20.56199305855569,20.56199305855569,3.22998460445562,20.56199305855569,1,1,4,9,44,37,0,0,0,0,0,1.0,1.0,0.0,523,4702,479,4,3.326388888888889,425,6.097044498000287,f1d3,True,0.10996807189848137,0.10996807189848137,1.1724773708007972,0.07749999999999997,-0.0324680718984814,1,False,False,False,False,False,False
6,4,black,Black positional controller,g6,g7g6,rnb1kbnr/pppp1ppp/4pq2/7Q/8/3BP3/PPPP1PPP/RNB1K1NR b KQkq - 3 3,rnb1kbnr/pppp1p1p/4pqp1/7Q/8/3BP3/PPPP1PPP/RNB1K1NR w KQkq - 0 4,0.12124999999999997,0.07749999999999997,4,0.4,0.09834952944428929,0.12200348917540708,0.023653959731117793,0.09834952944428929,0.09834952944428929,0.12200348917540708,0.023653959731117793,0,0,0.023653959731117793,0.0,1.0131898335586587,2.754373008434849,2.754373008434849,1.2525846734270538,2.754373008434849,4,4,4,2,37,45,0,0,0,0,0,1.0,0.9999999999999999,1.3877787807814457e-17,244,5125,209,4,1.1611111111111112,154,5.530882898000527,g7g6,False,0.12200348917540708,0.12200348917540708,0.2252091552264408,0.12499999999999994,0.00299651082459286,1,False,False,False,False,False,False
7,4,white,White material conservative,Qb5,h5b5,rnb1kbnr/pppp1p1p/4pqp1/7Q/8/3BP3/PPPP1PPP/RNB1K1NR w KQkq - 0 4,rnb1kbnr/pppp1p1p/4pqp1/1Q6/8/3BP3/PPPP1PPP/RNB1K1NR b KQkq - 1 4,0.07749999999999997,0.12499999999999994,4,0.4,0.03439735535427818,0.11166613773631323,0.07726878238203505,0.03439735535427818,0.03439735535427818,0.11166613773631323,0.07726878238203505,0,0,0.07726878238203505,0.0,1.709542581773757,5.52643300820003,5.52643300820003,16.82422960243833,5.52643300820003,3,3,1,3,45,35,0,0,0,0,0,1.0,0.9999999999999999,-1.3877787807814457e-17,784,7686,752,4,3.094650205761317,844,11.291015130999767,h5b5,False,0.11166613773631323,0.11166613773631323,2.822820085622915,0.12499999999999994,0.013333862263686713,1,False,False,False,False,False,False
8,5,black,Black positional controller,a6,a7a6,rnb1kbnr/pppp1p1p/4pqp1/1Q6/8/3BP3/PPPP1PPP/RNB1K1NR b KQkq - 1 4,rnb1kbnr/1ppp1p1p/p3pqp1/1Q6/8/3BP3/PPPP1PPP/RNB1K1NR w KQkq - 0 5,0.12499999999999994,0.12499999999999994,4,0.4,0.081301145192859,0.04751873197218263,-0.03378241322067637,0.081301145192859,0.081301145192859,0.04751873197218263,-0.03378241322067637,0,0,-0.03378241322067637,0.0,2.1907199683507135,8.941648501707713,8.941648501707713,2.876279274141097,8.941648501707713,2,2,4,4,35,43,0,0,0,0,0,1.0,0.9999999999999999,-2.0816681711721685e-17,358,7106,335,4,1.3729508196721312,265,12.028844665999713,a7a6,False,0.04751873197218263,0.04751873197218263,1.0564975402004237,0.07749999999999997,0.029981268027817344,1,False,False,False,False,False,False
9,5,white,White material conservative,Qa5,b5a5,rnb1kbnr/1ppp1p1p/p3pqp1/1Q6/8/3BP3/PPPP1PPP/RNB1K1NR w KQkq - 0 5,rnb1kbnr/1ppp1p1p/p3pqp1/Q7/8/3BP3/PPPP1PPP/RNB1K1NR b KQkq - 1 5,0.12499999999999994,0.07749999999999997,4,0.4,0.010747200222838666,0.07547269496534464,0.06472549474250598,0.010747200222838666,0.010747200222838666,0.07547269496534464,0.06472549474250598,0,0,0.06472549474250598,0.0,1.2891263939841262,3.6296143174083197,3.6296143174083197,4.280618657354932,3.6296143174083197,4,4,3,2,43,36,0,0,0,0,0,1.0,1.0,0.0,469,5951,432,4,2.2268041237113403,480,7.632174802000009,b5a5,False,0.07547269496534464,0.07547269496534464,1.4540975452588882,0.060833333333333295,-0.01463936163201135,1,False,False,False,False,False,False
10,6,black,Black positional controller,b6,b7b6,rnb1kbnr/1ppp1p1p/p3pqp1/Q7/8/3BP3/PPPP1PPP/RNB1K1NR b KQkq - 1 5,rnb1kbnr/2pp1p1p/pp2pqp1/Q7/8/3BP3/PPPP1PPP/RNB1K1NR w KQkq - 0 6,0.07749999999999997,0.060833333333333295,4,0.4,0.06380141775549428,-0.0094991336093506,-0.07330055136484488,0.06380141775549428,0.06380141775549428,-0.0094991336093506,-0.07330055136484488,0,0,-0.07330055136484488,0.0,1.1565819705802425,3.1790486029948988,3.1790486029948988,1.9209148824544366,3.1790486029948988,4,4,4,2,36,42,0,0,0,0,0,0.9999999999999999,1.0,0.0,252,5117,220,4,1.2021857923497268,214,6.35145601899967,b7b6,False,-0.0094991336093506,-0.0094991336093506,0.6528015738273594,0.00999999999999998,0.01949913360935058,1,False,False,False,False,False,False
11,6,white,White material conservative,Qc3,a5c3,rnb1kbnr/2pp1p1p/pp2pqp1/Q7/8/3BP3/PPPP1PPP/RNB1K1NR w KQkq - 0 6,rnb1kbnr/2pp1p1p/pp2pqp1/8/8/2QBP3/PPPP1PPP/RNB1K1NR b KQkq - 1 6,0.060833333333333295,0.00999999999999998,4,0.4,-0.01283465054705719,-0.027059799575141597,-0.014225149028084406,-0.01283465054705719,-0.01283465054705719,-0.027059799575141597,-0.014225149028084406,0,0,-0.014225149028084406,0.0,0.5615336791932408,1.7533595302782754,1.7533595302782754,4.27420187691501,1.7533595302782754,4,4,3,1,42,36,0,0,0,0,0,0.9999999999999999,0.9999999999999999,0.0,761,8097,726,4,2.7709923664122136,736,12.331926028999987,a5c3,False,-0.027059799575141597,-0.027059799575141597,1.4525973895004798,-0.04749999999999998,-0.020440200424858383,1,False,False,False,False,False,False
12,7,black,Black positional controller,Bc5,f8c5,rnb1kbnr/2pp1p1p/pp2pqp1/8/8/2QBP3/PPPP1PPP/RNB1K1NR b KQkq - 1 6,rnb1k1nr/2pp1p1p/pp2pqp1/2b5/8/2QBP3/PPPP1PPP/RNB1K1NR w KQkq - 2 7,0.00999999999999998,-0.04749999999999998,4,0.4,-0.03780634811772993,0.10514970077209108,0.142956048889821,-0.03780634811772993,-0.03780634811772993,0.10514970077209108,0.142956048889821,0,0,0.14295604888982102,-2.7755575615628914e-17,1.139955636694126,3.126629654481629,3.126629654481629,4.0408872348562825,3.126629654481629,4,4,3,2,36,35,0,0,0,0,0,1.0,1.0,2.7755575615628914e-17,200,4237,165,4,1.0576923076923077,218,3.8228082900004665,f8c5,False,0.10514970077209108,0.10514970077209108,1.396464280449933,0.15458333333333335,0.049433632561242266,1,False,False,False,False,False,False
13,7,white,White material conservative,Nf3,g1f3,rnb1k1nr/2pp1p1p/pp2pqp1/2b5/8/2QBP3/PPPP1PPP/RNB1K1NR w KQkq - 2 7,rnb1k1nr/2pp1p1p/pp2pqp1/2b5/8/2QBPN2/PPPP1PPP/RNB1K2R b KQkq - 3 7,-0.04749999999999998,0.15458333333333335,4,0.4,0.057704010394399624,0.11473992773414252,0.05703591733974289,0.057704010394399624,0.057704010394399624,0.11473992773414252,0.05703591733974289,0,0,0.05703591733974289,0.0,2.2270510961412615,9.272482064773724,9.272482064773724,8.723097542230724,9.272482064773724,2,2,2,4,35,35,0,0,0,0,0,0.9999999999999999,0.9999999999999999,6.938893903907228e-18,500,5936,467,4,2.1422018348623855,537,11.112601300000279,g1f3,False,0.11473992773414252,0.11473992773414252,2.1659743975771115,0.06291666666666675,-0.05182326106747577,1,False,False,False,False,False,False
14,8,black,Black positional controller,Bb7,c8b7,rnb1k1nr/2pp1p1p/pp2pqp1/2b5/8/2QBPN2/PPPP1PPP/RNB1K2R b KQkq - 3 7,rn2k1nr/1bpp1p1p/pp2pqp1/2b5/8/2QBPN2/PPPP1PPP/RNB1K2R w KQkq - 4 8,0.15458333333333335,0.06291666666666675,4,0.4,0.07582755408434931,0.04064656643741526,-0.03518098764693405,0.07582755408434931,0.07582755408434931,0.04064656643741526,-0.03518098764693405,0,0,-0.03518098764693405,0.0,1.443395766563515,4.235052677203583,4.235052677203583,2.6425421396380324,4.235052677203583,3,3,4,2,35,38,0,0,0,0,0,0.9999999999999999,1.0,0.0,187,4218,155,4,1.054421768707483,231,3.4401572349997878,c8b7,False,0.04064656643741526,0.04064656643741526,0.9717413855179938,0.26583333333333325,0.225186766895918,1,False,False,False,False,False,False
15,8,white,White material conservative,Qe5,c3e5,rn2k1nr/1bpp1p1p/pp2pqp1/2b5/8/2QBPN2/PPPP1PPP/RNB1K2R w KQkq - 4 8,rn2k1nr/1bpp1p1p/pp2pqp1/2b1Q3/8/3BPN2/PPPP1PPP/RNB1K2R b KQkq - 5 8,0.06291666666666675,0.26583333333333325,4,0.4,0.019438589176450957,0.31907083360135235,0.2996322444249014,0.019438589176450957,0.019438589176450957,0.31907083360135235,0.2996322444249014,0,0,0.2996322444249014,0.0,0.71883284252141,2.0520367623461455,2.0520367623461455,2.8001801438441802,2.0520367623461455,4,4,4,1,38,36,0,0,0,0,0,1.0,1.0,0.0,532,8525,496,4,1.7971014492753623,613,14.226994796000326,c3e5,False,0.31907083360135235,0.31907083360135235,1.0296837521988238,-2.9716666666666667,-3.290737500268019,1,False,False,False,False,False,False
16,9,black,Black positional controller,Bxf3,b7f3,rn2k1nr/1bpp1p1p/pp2pqp1/2b1Q3/8/3BPN2/PPPP1PPP/RNB1K2R b KQkq - 5 8,rn2k1nr/2pp1p1p/pp2pqp1/2b1Q3/8/3BPb2/PPPP1PPP/RNB1K2R w KQkq - 0 9,0.26583333333333325,-2.9716666666666667,4,0.4,-2.9716102561000186,-2.0000070032550528,0.9716032528449658,-2.9716102561000186,-2.9716102561000186,-2.0000070032550528,0.9716032528449658,0,0,0.9716032528449658,0.0,0.00021346409721189697,1.0002134868822936,1.0002134868822936,1.0000801091554774,1.0002134868822936,4,4,4,1,36,40,0,0,0,0,0,1.0,1.0,4.440892098500626e-16,186,4626,152,4,1.0201342281879195,272,4.027606595000179,b7f3,False,-2.0000070032550528,-2.0000070032550528,8.010594691045572e-05,6.1975,8.197507003255053,1,False,False,False,False,False,False
17,9,white,White material conservative,Qxf6,e5f6,rn2k1nr/2pp1p1p/pp2pqp1/2b1Q3/8/3BPb2/PPPP1PPP/RNB1K2R w KQkq - 0 9,rn2k1nr/2pp1p1p/pp2pQp1/2b5/8/3BPb2/PPPP1PPP/RNB1K2R b KQkq - 0 9,-2.9716666666666667,6.1975,4,0.4,-2.5354073034209472,-0.14196454965951974,2.3934427537614273,-2.5354073034209472,-2.5354073034209472,-0.14196454965951974,2.3934427537614273,0,0,2.3934427537614273,0.0,0.691479172317458,1.9966667642202278,1.9966667642202278,1.0,1.9966667642202278,4,4,4,1,40,31,0,0,0,0,0,1.0,1.0,0.0,322,5838,284,4,1.3087557603686637,282,6.730605412999466,e5f6,True,-0.14196454965951974,-0.14196454965951974,2.9096817674444484e-45,-3.2504166666666667,-3.108452117007147,1,False,False,False,False,False,False
18,10,black,Black positional controller,Nxf6,g8f6,rn2k1nr/2pp1p1p/pp2pQp1/2b5/8/3BPb2/PPPP1PPP/RNB1K2R b KQkq - 0 9,rn2k2r/2pp1p1p/pp2pnp1/2b5/8/3BPb2/PPPP1PPP/RNB1K2R w KQkq - 0 10,6.1975,-3.2504166666666667,4,0.4,-0.1515771900550583,-0.15157719005519227,-1.3397616349664077e-13,-0.1515771900550583,-0.1515771900550583,-0.15157719005519227,-1.3397616349664077e-13,0,0,-1.3397616349664077e-13,0.0,4.4788785864502334e-37,1.0,1.0,1.0000260187677332,1.0,4,4,4,1,31,26,0,0,0,0,0,1.0,1.0,-2.7755575615628914e-17,154,2955,127,4,1.032520325203252,299,2.1836281989999407,g8f6,True,-0.15157719005519227,-0.15157719005519227,2.6018429250951597e-05,-0.15833333333333321,-0.006756143278140947,1,False,False,False,False,False,False
19,10,white,White material conservative,gxf3,g2f3,rn2k2r/2pp1p1p/pp2pnp1/2b5/8/3BPb2/PPPP1PPP/RNB1K2R w KQkq - 0 10,rn2k2r/2pp1p1p/pp2pnp1/2b5/8/3BPP2/PPPP1P1P/RNB1K2R b KQkq - 0 10,-3.2504166666666667,-0.15833333333333321,4,0.4,-0.14196454965951974,-0.14196451332185062,3.633766912369829e-08,-0.14196454965951974,-0.14196454965951974,-0.14196451332185062,3.633766912369829e-08,0,0,3.633766912369829e-08,0.0,2.2534599243264228e-07,1.0000002253460178,1.0000002253460178,1.0237362072854506,1.0000002253460178,4,4,4,1,26,29,0,0,0,0,0,0.9999999999999999,0.9999999999999999,0.0,162,3363,136,4,1.1428571428571428,95,2.5421467249998386,g2f3,True,-0.14196451332185062,-0.14196451332185062,0.023458883357339304,-0.37499999999999983,-0.23303548667814922,1,False,False,False,False,False,False
20,11,black,Black positional controller,Nc6,b8c6,rn2k2r/2pp1p1p/pp2pnp1/2b5/8/3BPP2/PPPP1P1P/RNB1K2R b KQkq - 0 10,r3k2r/2pp1p1p/ppn1pnp1/2b5/8/3BPP2/PPPP1P1P/RNB1K2R w KQkq - 1 11,-0.15833333333333321,-0.37499999999999983,4,0.4,-0.15157152018470124,-0.3993589174730636,-0.24778739728836238,-0.15157152018470124,-0.15157152018470124,-0.3993589174730636,-0.24778739728836238,0,0,-0.24778739728836238,0.0,0.19864072059002047,1.2197436583852437,1.2197436583852437,1.058444213219481,1.2197436583852437,4,4,4,1,29,26,0,0,0,0,0,1.0000000000000002,0.9999999999999999,8.326672684688674e-17,148,2873,119,4,1.017094017094017,180,1.7283991040003457,b8c6,False,-0.3993589174730636,-0.3993589174730636,0.05680010658507997,-0.28333333333333327,0.11602558413973035,1,False,False,False,False,False,False
21,11,white,White material conservative,Nc3,b1c3,r3k2r/2pp1p1p/ppn1pnp1/2b5/8/3BPP2/PPPP1P1P/RNB1K2R w KQkq - 1 11,r3k2r/2pp1p1p/ppn1pnp1/2b5/8/2NBPP2/PPPP1P1P/R1B1K2R b KQkq - 2 11,-0.37499999999999983,-0.28333333333333327,4,0.4,-0.39992258147653714,-0.20032488071447618,0.19959770076206096,-0.39992258147653714,-0.39992258147653714,-0.20032488071447618,0.19959770076206096,0,0,0.19959770076206096,0.0,0.016237166116430495,1.0163697052799503,1.0163697052799503,1.047580970408935,1.0163697052799503,4,4,4,1,26,39,0,0,0,0,0,1.0000000000000002,1.0,1.1102230246251565e-16,145,2966,120,4,1.1320754716981132,153,1.9884678469998107,b1c3,False,-0.20032488071447618,-0.20032488071447618,0.046483668546510676,-0.3083333333333333,-0.10800845261885711,1,False,False,False,False,False,False
22,12,black,Black positional controller,b5,b6b5,r3k2r/2pp1p1p/ppn1pnp1/2b5/8/2NBPP2/PPPP1P1P/R1B1K2R b KQkq - 2 11,r3k2r/2pp1p1p/p1n1pnp1/1pb5/8/2NBPP2/PPPP1P1P/R1B1K2R w KQkq - 0 12,-0.28333333333333327,-0.3083333333333333,4,0.4,-0.2005971172233382,-0.3331240636148769,-0.1325269463915387,-0.2005971172233382,-0.2005971172233382,-0.3331240636148769,-0.1325269463915387,0,0,-0.1325269463915387,0.0,0.061700749598715854,1.0636440012040118,1.0636440012040118,1.0317255132138716,1.0636440012040118,4,4,4,1,39,29,0,0,0,0,0,0.9999999999999999,1.0,5.551115123125783e-17,219,4794,181,4,1.117283950617284,262,2.7268343190007727,b6b5,False,-0.3331240636148769,-0.3331240636148769,0.031232656113642624,-0.24166666666666664,0.09145739694821026,1,False,False,False,False,False,False
23,12,white,White material conservative,f4,f3f4,r3k2r/2pp1p1p/p1n1pnp1/1pb5/8/2NBPP2/PPPP1P1P/R1B1K2R w KQkq - 0 12,r3k2r/2pp1p1p/p1n1pnp1/1pb5/5P2/2NBP3/PPPP1P1P/R1B1K2R b KQkq - 0 12,-0.3083333333333333,-0.24166666666666664,4,0.4,-0.33331250245787675,-0.13732228657931003,0.19599021587856671,-0.33331250245787675,-0.33331250245787675,-0.13732228657931003,0.19599021587856671,0,0,0.19599021587856671,0.0,0.01705683785677394,1.0172031363283858,1.0172031363283858,1.783495488820268,1.0172031363283858,4,4,4,1,29,41,0,0,0,0,0,1.0000000000000002,1.0,-5.551115123125783e-17,171,3673,143,4,1.1626016260162602,133,2.206795611999951,f3f4,False,-0.13732228657931003,-0.13732228657931003,0.578575196416508,-0.22499999999999998,-0.08767771342068995,1,False,False,False,False,False,False
24,13,black,Black positional controller,b4,b5b4,r3k2r/2pp1p1p/p1n1pnp1/1pb5/5P2/2NBP3/PPPP1P1P/R1B1K2R b KQkq - 0 12,r3k2r/2pp1p1p/p1n1pnp1/2b5/1p3P2/2NBP3/PPPP1P1P/R1B1K2R w KQkq - 0 13,-0.24166666666666664,-0.22499999999999998,4,0.4,-0.14580917637342314,-0.27869276364454615,-0.132883587271123,-0.14580917637342314,-0.14580917637342314,-0.27869276364454615,-0.132883587271123,0,0,-0.132883587271123,0.0,0.472458805741872,1.603933108656087,1.603933108656087,3.905638977974232,1.603933108656087,4,4,4,1,41,30,0,0,0,0,0,1.0,1.0,-2.7755575615628914e-17,220,4917,180,4,1.0650887573964498,602,3.114501867999934,b5b4,False,-0.27869276364454615,-0.27869276364454615,1.3624214006288375,-0.3083333333333333,-0.029640569688787144,1,False,False,False,False,False,False
25,13,white,White material conservative,Nb1,c3b1,r3k2r/2pp1p1p/p1n1pnp1/2b5/1p3P2/2NBP3/PPPP1P1P/R1B1K2R w KQkq - 0 13,r3k2r/2pp1p1p/p1n1pnp1/2b5/1p3P2/3BP3/PPPP1P1P/RNB1K2R b KQkq - 1 13,-0.22499999999999998,-0.3083333333333333,4,0.4,-0.2915175628689838,-0.22517358135422408,0.0663439815147597,-0.2915175628689838,-0.2915175628689838,-0.22517358135422408,0.0663439815147597,0,0,0.0663439815147597,0.0,1.599212388008651,4.9491328925247355,4.9491328925247355,1.031777954358315,4.9491328925247355,3,3,4,2,30,38,0,0,0,0,0,1.0,1.0,-1.942890293094024e-16,194,4336,166,4,1.1369863013698631,201,2.904640379999364,c3b1,False,-0.22517358135422408,-0.22517358135422408,0.03128348340351997,-0.32041666666666657,-0.0952430853124425,1,False,False,False,False,False,False
26,14,black,Black positional controller,e5,e6e5,r3k2r/2pp1p1p/p1n1pnp1/2b5/1p3P2/3BP3/PPPP1P1P/RNB1K2R b KQkq - 1 13,r3k2r/2pp1p1p/p1n2np1/2b1p3/1p3P2/3BP3/PPPP1P1P/RNB1K2R w KQkq - 0 14,-0.3083333333333333,-0.32041666666666657,4,0.4,-0.22531712297620662,-0.34519894773868454,-0.11988182476247791,-0.22531712297620662,-0.22531712297620662,-0.34519894773868454,-0.11988182476247791,0,0,-0.11988182476247791,0.0,0.04913197376838605,1.050358961423637,1.050358961423637,1.0433349365483187,1.050358961423637,4,4,4,1,38,27,0,0,0,0,0,1.0,1.0,5.551115123125783e-17,188,4070,151,4,1.0,479,2.668851198000084,e6e5,False,-0.34519894773868454,-0.34519894773868454,0.04242225251055309,-0.2620833333333332,0.08311561440535131,1,False,False,False,False,False,False
27,14,white,White material conservative,Kf1,e1f1,r3k2r/2pp1p1p/p1n2np1/2b1p3/1p3P2/3BP3/PPPP1P1P/RNB1K2R w KQkq - 0 14,r3k2r/2pp1p1p/p1n2np1/2b1p3/1p3P2/3BP3/PPPP1P1P/RNB2K1R b kq - 1 14,-0.32041666666666657,-0.2620833333333332,4,0.4,-0.3453773316194685,-0.17889901723609544,0.16647831438337304,-0.3453773316194685,-0.3453773316194685,-0.17889901723609544,0.16647831438337304,0,0,0.16647831438337304,0.0,0.015841415055695064,1.0159675554718415,1.0159675554718415,1.026185083524826,1.0159675554718415,4,4,4,1,27,38,0,0,0,0,0,1.0,1.0,8.326672684688674e-17,143,3272,116,4,1.0265486725663717,118,2.0388327119999303,e1f1,False,-0.17889901723609544,-0.17889901723609544,0.025848123778713854,-1.3166666666666664,-1.137767649430571,1,False,False,False,False,False,False
28,15,black,Black positional controller,exf4,e5f4,r3k2r/2pp1p1p/p1n2np1/2b1p3/1p3P2/3BP3/PPPP1P1P/RNB2K1R b kq - 1 14,r3k2r/2pp1p1p/p1n2np1/2b5/1p3p2/3BP3/PPPP1P1P/RNB2K1R w kq - 0 15,-0.2620833333333332,-1.3166666666666664,4,0.4,-0.17908894994571167,-0.37068433797341577,-0.1915953880277041,-0.17908894994571167,-0.17908894994571167,-0.37068433797341577,-0.1915953880277041,0,0,-0.1915953880277041,0.0,0.033762347308961285,1.0343387641259567,1.0343387641259567,1.5434172789420018,1.0343387641259567,4,4,4,1,38,24,0,0,0,0,0,1.0,1.0,0.0,364,6408,332,4,1.4690265486725664,595,7.138729569000134,e5f4,False,-0.37068433797341577,-0.37068433797341577,0.43399897035384477,-0.35583333333333317,0.014851004640082599,1,False,False,False,False,False,False
29,15,white,White material conservative,exf4,e3f4,r3k2r/2pp1p1p/p1n2np1/2b5/1p3p2/3BP3/PPPP1P1P/RNB2K1R w kq - 0 15,r3k2r/2pp1p1p/p1n2np1/2b5/1p3P2/3B4/PPPP1P1P/RNB2K1R b kq - 0 15,-1.3166666666666664,-0.35583333333333317,4,0.4,-0.276272284376195,-0.27268328259819086,0.0035890017780041417,-0.276272284376195,-0.276272284376195,-0.27268328259819086,0.0035890017780041417,0,0,0.0035890017780041417,0.0,0.03094695654929281,1.0314307917871142,1.0314307917871142,1.0381880264558947,1.0314307917871142,4,4,4,1,24,38,0,0,0,0,0,1.0,1.0,0.0,152,3250,129,4,1.1517857142857142,120,2.4050765329993737,e3f4,True,-0.27268328259819086,-0.27268328259819086,0.03747691136037406,-0.31583333333333313,-0.043150050735142276,1,False,False,False,False,False,False
30,16,black,Black positional controller,Bd6,c5d6,r3k2r/2pp1p1p/p1n2np1/2b5/1p3P2/3B4/PPPP1P1P/RNB2K1R b kq - 0 15,r3k2r/2pp1p1p/p1nb1np1/8/1p3P2/3B4/PPPP1P1P/RNB2K1R w kq - 1 16,-0.35583333333333317,-0.31583333333333313,4,0.4,-0.27369329929432334,-0.38621760781939796,-0.11252430852507461,-0.27369329929432334,-0.27369329929432334,-0.38621760781939796,-0.11252430852507461,0,0,-0.11252430852507461,0.0,0.1832185825043967,1.2010769137899973,1.2010769137899973,1.0755513372693328,1.2010769137899973,4,4,4,1,38,23,0,0,0,0,0,1.0,1.0,0.0,346,6328,308,4,1.3391304347826087,661,6.765259949999745,c5d6,False,-0.38621760781939796,-0.38621760781939796,0.07283340198424436,-0.3870833333333331,-0.0008657255139351561,1,False,False,False,False,False,False
31,16,white,White material conservative,f5,f4f5,r3k2r/2pp1p1p/p1nb1np1/8/1p3P2/3B4/PPPP1P1P/RNB2K1R w kq - 1 16,r3k2r/2pp1p1p/p1nb1np1/5P2/1p6/3B4/PPPP1P1P/RNB2K1R b kq - 0 16,-0.31583333333333313,-0.3870833333333331,4,0.4,-0.38708221194787107,-0.30576430309633057,0.0813179088515405,-0.38708221194787107,-0.38708221194787107,-0.30576430309633057,0.0813179088515405,0,0,0.0813179088515405,0.0,0.0002147379725072181,1.000214761030356,1.000214761030356,1.1341624557018963,1.000214761030356,4,4,4,1,23,36,0,0,0,0,0,1.0,0.9999999999999999,0.0,207,3861,187,4,1.4609375,197,4.3521529999998165,f4f5,False,-0.30576430309633057,-0.30576430309633057,0.12589445404135152,-1.37875,-1.0729856969036693,1,False,False,False,False,False,False
32,17,black,Black positional controller,gxf5,g6f5,r3k2r/2pp1p1p/p1nb1np1/5P2/1p6/3B4/PPPP1P1P/RNB2K1R b kq - 0 16,r3k2r/2pp1p1p/p1nb1n2/5p2/1p6/3B4/PPPP1P1P/RNB2K1R w kq - 0 17,-0.3870833333333331,-1.37875,4,0.4,-0.3897504197822168,-0.5088494204317354,-0.11909900064951862,-0.3897504197822168,-0.3897504197822168,-0.5088494204317354,-0.11909900064951862,0,0,-0.11909900064951862,0.0,0.3788474451406897,1.4606001970887288,1.4606001970887288,1.0200187398849065,1.4606001970887288,4,4,4,1,36,22,0,0,0,0,0,1.0,1.0000000000000002,-1.6653345369377348e-16,369,5214,334,4,1.5980861244019138,1231,4.076156390000506,g6f5,False,-0.5088494204317354,-0.5088494204317354,0.019820999563591537,-0.41374999999999984,0.09509942043173558,1,False,False,False,False,False,False
33,17,white,White material conservative,Bxf5,d3f5,r3k2r/2pp1p1p/p1nb1n2/5p2/1p6/3B4/PPPP1P1P/RNB2K1R w kq - 0 17,r3k2r/2pp1p1p/p1nb1n2/5B2/1p6/8/PPPP1P1P/RNB2K1R b kq - 0 17,-1.37875,-0.41374999999999984,4,0.4,-0.3133847786822221,-0.3126487030325849,0.0007360756496371801,-0.3133847786822221,-0.3133847786822221,-0.3126487030325849,0.0007360756496371801,0,0,0.0007360756496371801,0.0,0.007215877023688932,1.0072419741978687,1.0072419741978687,1.8883726530842362,1.0072419741978687,4,4,4,1,22,34,0,0,0,0,0,1.0,0.9999999999999999,0.0,156,2704,136,4,1.3465346534653466,109,1.9884578780001902,d3f5,True,-0.3126487030325849,-0.3126487030325849,0.6357154280580426,-0.5095833333333332,-0.19693463030074826,1,False,False,False,False,False,False
34,18,black,Black positional controller,Rg8,h8g8,r3k2r/2pp1p1p/p1nb1n2/5B2/1p6/8/PPPP1P1P/RNB2K1R b kq - 0 17,r3k1r1/2pp1p1p/p1nb1n2/5B2/1p6/8/PPPP1P1P/RNB2K1R w q - 1 18,-0.41374999999999984,-0.5095833333333332,4,0.4,-0.5067642116319193,-0.46096122887656077,0.045802982755358546,-0.5067642116319193,-0.5067642116319193,-0.46096122887656077,0.045802982755358546,0,0,0.045802982755358546,0.0,0.19715015646029502,1.217926906569508,1.217926906569508,7.9900441706239524,1.217926906569508,4,4,3,1,34,24,0,0,0,0,0,1.0,0.9999999999999999,-1.6653345369377348e-16,317,4489,284,4,1.4639175257731958,582,4.215801921000093,h8g8,False,-0.46096122887656077,-0.46096122887656077,2.0781962880011946,-0.4595833333333331,0.0013778955432276474,1,False,False,False,False,False,False
35,18,white,White material conservative,c3,c2c3,r3k1r1/2pp1p1p/p1nb1n2/5B2/1p6/8/PPPP1P1P/RNB2K1R w q - 1 18,r3k1r1/2pp1p1p/p1nb1n2/5B2/1p6/2P5/PP1P1P1P/RNB2K1R b q - 0 18,-0.5095833333333332,-0.4595833333333331,4,0.4,-0.45914072676261863,-0.2872671088936021,0.17187361786901656,-0.45914072676261863,-0.45914072676261863,-0.2872671088936021,0.17187361786901656,0,0,0.17187361786901656,0.0,2.4984138629784427,12.163186172464295,12.163186172464295,1.1233853556779767,12.163186172464295,2,2,4,5,24,40,0,0,0,0,0,1.0,0.9999999999999999,5.551115123125783e-17,173,3148,153,4,1.275,196,2.7791991650001364,c2c3,False,-0.2872671088936021,-0.2872671088936021,0.11634676531641448,-0.41333333333333316,-0.1260662244397311,1,False,False,False,False,False,False
36,19,black,Black positional controller,Rg5,g8g5,r3k1r1/2pp1p1p/p1nb1n2/5B2/1p6/2P5/PP1P1P1P/RNB2K1R b q - 0 18,r3k3/2pp1p1p/p1nb1n2/5Br1/1p6/2P5/PP1P1P1P/RNB2K1R w q - 1 19,-0.4595833333333331,-0.41333333333333316,4,0.4,-0.30711983059447756,-0.46960778207115844,-0.16248795147668088,-0.30711983059447756,-0.30711983059447756,-0.46960778207115844,-0.16248795147668088,0,0,-0.16248795147668088,0.0,0.4433487804909756,1.55791561016568,1.55791561016568,2.279964121797808,1.55791561016568,4,4,4,1,40,24,0,0,0,0,0,1.0,1.0,0.0,378,6649,360,4,1.338289962825279,776,7.236704748000193,g8g5,False,-0.46960778207115844,-0.46960778207115844,0.8241597067889435,-0.4820833333333332,-0.012475551262174756,1,False,False,False,False,False,False
37,19,white,White material conservative,Bc2,f5c2,r3k3/2pp1p1p/p1nb1n2/5Br1/1p6/2P5/PP1P1P1P/RNB2K1R w q - 1 19,r3k3/2pp1p1p/p1nb1n2/6r1/1p6/2P5/PPBP1P1P/RNB2K1R b q - 2 19,-0.41333333333333316,-0.4820833333333332,4,0.4,-0.47294525742348187,-0.39088463222932746,0.08206062519415441,-0.47294525742348187,-0.47294525742348187,-0.39088463222932746,0.08206062519415441,0,0,0.08206062519415441,0.0,0.766812058161835,2.1528920077539784,2.1528920077539784,1.0518252735400324,2.1528920077539784,4,4,4,1,24,46,0,0,0,0,0,0.9999999999999999,1.0,1.1102230246251565e-16,265,4686,247,4,1.6917808219178083,305,4.772300867000013,f5c2,False,-0.39088463222932746,-0.39088463222932746,0.05052701073023759,-0.4987499999999998,-0.10786536777067235,1,False,False,False,False,False,False
38,20,black,Black positional controller,Bf4,d6f4,r3k3/2pp1p1p/p1nb1n2/6r1/1p6/2P5/PPBP1P1P/RNB2K1R b q - 2 19,r3k3/2pp1p1p/p1n2n2/6r1/1p3b2/2P5/PPBP1P1P/RNB2K1R w q - 3 20,-0.4820833333333332,-0.4987499999999998,4,0.4,-0.3929303324844268,-0.48462041755027335,-0.09169008506584653,-0.3929303324844268,-0.3929303324844268,-0.48462041755027335,-0.09169008506584653,0,0,-0.09169008506584653,0.0,0.13238023830420725,1.1415422948613132,1.1415422948613132,4.406461971270357,1.1415422948613132,4,4,3,1,46,22,0,0,0,0,0,0.9999999999999999,1.0,-5.551115123125783e-17,472,9036,442,4,1.403174603174603,1419,10.46860696299973,d6f4,False,-0.48462041755027335,-0.48462041755027335,1.483072093376314,0.4920833333333335,0.9767037508836068,1,False,False,False,False,False,False
39,20,white,White material conservative,cxb4,c3b4,r3k3/2pp1p1p/p1n2n2/6r1/1p3b2/2P5/PPBP1P1P/RNB2K1R w q - 3 20,r3k3/2pp1p1p/p1n2n2/6r1/1P3b2/8/PPBP1P1P/RNB2K1R b q - 0 20,-0.4987499999999998,0.4920833333333335,4,0.4,-0.48762953551597865,-0.13356462372876662,0.354064911787212,-0.48762953551597865,-0.48762953551597865,-0.13356462372876662,0.354064911787212,0,0,0.354064911787212,0.0,2.326571145968076,10.24276032186579,10.24276032186579,1.9844389122184554,10.24276032186579,2,2,4,5,22,46,0,0,0,0,0,1.0,1.0,-2.7755575615628914e-17,171,3490,149,4,1.3185840707964602,120,2.3283251430002565,c3b4,True,-0.13356462372876662,-0.13356462372876662,0.6853362103123966,-0.4904166666666665,-0.35685204293789985,1,False,False,False,False,False,False
40,21,black,Black positional controller,Nxb4,c6b4,r3k3/2pp1p1p/p1n2n2/6r1/1P3b2/8/PPBP1P1P/RNB2K1R b q - 0 20,r3k3/2pp1p1p/p4n2/6r1/1n3b2/8/PPBP1P1P/RNB2K1R w q - 0 21,0.4920833333333335,-0.4904166666666665,4,0.4,0.4715116807751857,-0.4909497256436412,-0.9624614064188268,0.4715116807751857,0.4715116807751857,-0.4909497256436412,-0.9624614064188268,0,0,-0.9624614064188268,0.0,0.3612704312632104,1.435151518242746,1.435151518242746,1.8140626690374488,1.435151518242746,4,4,4,1,46,21,0,0,0,0,0,0.9999999999999999,1.0,-5.551115123125783e-17,267,5457,222,4,1.088235294117647,582,3.373023068999828,c6b4,False,-0.4909497256436412,-0.4909497256436412,0.5955688985258814,-0.46166666666666656,0.02928305897697464,1,False,False,False,False,False,False
41,21,white,White material conservative,Na3,b1a3,r3k3/2pp1p1p/p4n2/6r1/1n3b2/8/PPBP1P1P/RNB2K1R w q - 0 21,r3k3/2pp1p1p/p4n2/6r1/1n3b2/N7/PPBP1P1P/R1B2K1R b q - 1 21,-0.4904166666666665,-0.46166666666666656,4,0.4,-0.5149855394804672,-0.37890027175928687,0.13608526772118035,-0.5149855394804672,-0.5149855394804672,-0.37890027175928687,0.13608526772118035,0,0,0.13608526772118035,0.0,1.1697544903081565,3.2212017052035637,3.2212017052035637,1.0556189875236897,3.2212017052035637,4,4,4,2,21,45,0,0,0,0,0,1.0,0.9999999999999999,0.0,200,3574,184,4,1.5081967213114753,149,2.7658485179999843,b1a3,False,-0.37890027175928687,-0.37890027175928687,0.05412731290823255,-0.5033333333333331,-0.12443306157404621,1,False,False,False,False,False,False
42,22,black,Black positional controller,c5,c7c5,r3k3/2pp1p1p/p4n2/6r1/1n3b2/N7/PPBP1P1P/R1B2K1R b q - 1 21,r3k3/3p1p1p/p4n2/2p3r1/1n3b2/N7/PPBP1P1P/R1B2K1R w q - 0 22,-0.46166666666666656,-0.5033333333333331,4,0.4,-0.38126314393397825,-0.5201478552993811,-0.13888471136540287,-0.38126314393397825,-0.38126314393397825,-0.5201478552993811,-0.13888471136540287,0,0,-0.13888471136540287,0.0,0.278420237670053,1.321041231867015,1.321041231867015,4.724223610234652,1.321041231867015,4,4,3,1,45,22,0,0,0,0,0,1.0,1.0,1.6653345369377348e-16,376,7388,332,4,1.2342007434944238,684,6.451579059999858,c7c5,False,-0.5201478552993811,-0.5201478552993811,1.5527032321502157,-0.46999999999999975,0.05014785529938137,1,False,False,False,False,False,False
43,22,white,White material conservative,Rg1,h1g1,r3k3/3p1p1p/p4n2/2p3r1/1n3b2/N7/PPBP1P1P/R1B2K1R w q - 0 22,r3k3/3p1p1p/p4n2/2p3r1/1n3b2/N7/PPBP1P1P/R1B2KR1 b q - 1 22,-0.5033333333333331,-0.46999999999999975,4,0.4,-0.5274060723223629,-0.396083743989601,0.13132232833276192,-0.5274060723223629,-0.5274060723223629,-0.396083743989601,0.13132232833276192,0,0,0.13132232833276192,0.0,2.0467448939729205,7.742656873215572,7.742656873215572,1.0911190376996691,7.742656873215572,3,3,4,4,22,43,0,0,0,0,0,1.0,1.0,-1.1102230246251565e-16,187,3362,165,4,1.25,121,2.441145011000117,h1g1,False,-0.396083743989601,-0.396083743989601,0.08720380969796515,-3.6425,-3.246416256010399,1,False,False,False,False,False,False
44,23,black,Black positional controller,Nxc2,b4c2,r3k3/3p1p1p/p4n2/2p3r1/1n3b2/N7/PPBP1P1P/R1B2KR1 b q - 1 22,r3k3/3p1p1p/p4n2/2p3r1/5b2/N7/PPnP1P1P/R1B2KR1 w q - 0 23,-0.46999999999999975,-3.6425,4,0.4,-0.4411729302665153,-0.5025000000383361,-0.061327069771820786,-0.4411729302665153,-0.4411729302665153,-0.5025000000383361,-0.061327069771820786,0,0,-0.061327069771820786,0.0,0.6807929562922441,1.9754435517295061,1.9754435517295061,1.0000000003181944,1.9754435517295061,4,4,4,1,43,18,0,0,0,0,0,1.0,1.0,0.0,325,5913,286,4,1.1818181818181819,589,3.410923851000007,b4c2,False,-0.5025000000383361,-0.5025000000383361,3.181944689309647e-10,-0.5024999999999998,3.833622308491158e-11,1,False,False,False,False,False,False
45,23,white,White material conservative,Nxc2,a3c2,r3k3/3p1p1p/p4n2/2p3r1/5b2/N7/PPnP1P1P/R1B2KR1 w q - 0 23,r3k3/3p1p1p/p4n2/2p3r1/5b2/8/PPNP1P1P/R1B2KR1 b q - 0 23,-3.6425,-0.5024999999999998,4,0.4,-0.5025000000017654,-0.4285717452599877,0.07392825474177772,-0.5025000000017654,-0.5025000000017654,-0.4285717452599877,0.07392825474177772,0,0,0.07392825474177772,0.0,1.6381288452522793e-11,1.0000000000163813,1.0000000000163813,1.107485851718659,1.0000000000163813,4,4,4,1,18,38,0,0,0,0,0,0.9999999999999999,1.0000000000000002,-5.551115123125783e-17,116,1817,99,4,1.2692307692307692,72,0.9932947029992647,a3c2,False,-0.4285717452599877,-0.4285717452599877,0.10209244788368754,-0.5274999999999999,-0.09892825474001216,1,False,False,False,False,False,False
46,24,black,Black positional controller,Rb8,a8b8,r3k3/3p1p1p/p4n2/2p3r1/5b2/8/PPNP1P1P/R1B2KR1 b q - 0 23,1r2k3/3p1p1p/p4n2/2p3r1/5b2/8/PPNP1P1P/R1B2KR1 w - - 1 24,-0.5024999999999998,-0.5274999999999999,4,0.4,-0.45523973165463066,-0.5430124671518705,-0.0877727354972398,-0.45523973165463066,-0.45523973165463066,-0.5430124671518705,-0.0877727354972398,0,0,-0.0877727354972398,0.0,0.6873499797169556,1.9884391410024325,1.9884391410024325,3.7568648703449177,1.9884391410024325,4,4,4,1,38,22,0,0,0,0,0,1.0,1.0,1.6653345369377348e-16,424,5580,394,4,1.4538745387453875,730,3.7461080350003613,a8b8,False,-0.5430124671518705,-0.5430124671518705,1.3235847985095124,4.791666666666667,5.334679133818537,1,False,False,False,False,False,False
47,24,white,White material conservative,Rxg5,g1g5,1r2k3/3p1p1p/p4n2/2p3r1/5b2/8/PPNP1P1P/R1B2KR1 w - - 1 24,1r2k3/3p1p1p/p4n2/2p3R1/5b2/8/PPNP1P1P/R1B2K2 b - - 0 24,-0.5274999999999999,4.791666666666667,4,0.4,-0.5453422713584157,-0.32517282295271005,0.22016944840570568,-0.5453422713584157,-0.5453422713584157,-0.32517282295271005,0.22016944840570568,0,0,0.22016944840570568,0.0,1.3573972415050677,3.886065637230921,3.886065637230921,1.0,3.886065637230921,4,4,4,2,22,31,0,0,0,0,0,1.0,1.0,0.0,223,2410,214,4,2.14,161,1.9063690960001622,g1g5,True,-0.32517282295271005,-0.32517282295271005,1.0095028754047014e-17,-0.3945833333333333,-0.06941051038062324,1,False,False,False,False,False,False
48,25,black,Black positional controller,Bxg5,f4g5,1r2k3/3p1p1p/p4n2/2p3R1/5b2/8/PPNP1P1P/R1B2K2 b - - 0 24,1r2k3/3p1p1p/p4n2/2p3b1/8/8/PPNP1P1P/R1B2K2 w - - 0 25,4.791666666666667,-0.3945833333333333,4,0.4,-0.2585196319985477,-0.25851963200246086,-3.913147583745058e-12,-0.2585196319985477,-0.2585196319985477,-0.25851963200246086,-3.913147583745058e-12,0,0,-3.913147583745058e-12,0.0,2.782024207255003e-11,1.0000000000278202,1.0000000000278202,5.376272660162609,1.0000000000278202,4,4,3,1,31,20,0,0,0,0,0,1.0,1.0,0.0,238,3652,215,4,1.3694267515923566,198,2.1845846080004776,f4g5,True,-0.25851963200246086,-0.25851963200246086,1.6819953199709319,-0.28708333333333325,-0.028563701330872382,1,False,False,False,False,False,False
49,25,white,White material conservative,d4,d2d4,1r2k3/3p1p1p/p4n2/2p3b1/8/8/PPNP1P1P/R1B2K2 w - - 0 25,1r2k3/3p1p1p/p4n2/2p3b1/3P4/8/PPN2P1P/R1B2K2 b - - 0 25,-0.3945833333333333,-0.28708333333333325,4,0.4,-0.32517282295271005,-0.22541667933178122,0.09975614362092883,-0.32517282295271005,-0.32517282295271005,-0.22541667933178122,0.09975614362092883,0,0,0.09975614362092883,0.0,2.5848234101873535,13.260947135021347,13.260947135021347,1.000009866331619,13.260947135021347,2,2,4,6,20,30,0,0,0,0,0,1.0,1.0,5.551115123125783e-17,290,2430,270,4,2.3684210526315788,265,1.8291222640000342,d2d4,True,-0.22541667933178122,-0.22541667933178122,9.866282947012708e-06,-3.3120833333333333,-3.086666654001552,1,False,False,False,False,False,False
50,26,black,Black positional controller,Bxc1,g5c1,1r2k3/3p1p1p/p4n2/2p3b1/3P4/8/PPN2P1P/R1B2K2 b - - 0 25,1r2k3/3p1p1p/p4n2/2p5/3P4/8/PPN2P1P/R1b2K2 w - - 0 26,-0.28708333333333325,-3.3120833333333333,4,0.4,-0.2254170068541553,-0.08861400723886058,0.13680299961529474,-0.2254170068541553,-0.2254170068541553,-0.08861400723886058,0.13680299961529474,0,0,0.13680299961529474,0.0,0.0002344064566287421,1.0002344339319689,1.0002344339319689,1.0000102998546496,1.0002344339319689,4,4,4,1,30,20,0,0,0,0,0,0.9999999999999999,1.0,0.0,177,2719,149,4,1.1203007518796992,203,1.5878094669997154,g5c1,True,-0.08861400723886058,-0.08861400723886058,1.0299801606456624e-05,-0.12125,-0.03263599276113942,1,False,False,False,False,False,False
51,26,white,White material conservative,Rxc1,a1c1,1r2k3/3p1p1p/p4n2/2p5/3P4/8/PPN2P1P/R1b2K2 w - - 0 26,1r2k3/3p1p1p/p4n2/2p5/3P4/8/PPN2P1P/2R2K2 b - - 0 26,-3.3120833333333333,-0.12125,4,0.4,-0.08561865254473895,-0.08561617593576784,2.476608971110905e-06,-0.08561865254473895,-0.08561865254473895,-0.08561617593576784,2.476608971110905e-06,0,0,2.476608971110905e-06,0.0,1.1584498785116813e-05,1.0000115845658857,1.0000115845658857,2.986022348103545,1.0000115845658857,4,4,4,1,20,24,0,0,0,0,0,1.0,1.0,-4.163336342344337e-17,113,1766,93,4,1.0568181818181819,86,0.8597680559996661,a1c1,True,-0.08561617593576784,-0.08561617593576784,1.0939421833835477,-1.1825,-1.0968838240642322,1,False,False,False,False,False,False
52,27,black,Black positional controller,cxd4,c5d4,1r2k3/3p1p1p/p4n2/2p5/3P4/8/PPN2P1P/2R2K2 b - - 0 26,1r2k3/3p1p1p/p4n2/8/3p4/8/PPN2P1P/2R2K2 w - - 0 27,-0.12125,-1.1825,4,0.4,-0.08861183970813512,-0.7058333333735329,-0.6172214936653978,-0.08861183970813512,-0.08861183970813512,-0.7058333333735329,-0.6172214936653978,0,0,-0.6172214936653978,0.0,0.6665434167674704,1.9474939978234107,1.9474939978234107,1.0000000046433548,1.9474939978234107,4,4,4,1,24,22,0,0,0,0,0,1.0,1.0,-2.0816681711721685e-16,130,1581,109,4,1.101010101010101,157,0.7600848029996996,c5d4,True,-0.7058333333735329,-0.7058333333735329,4.643354808980872e-09,0.005833333333333338,0.7116666667068663,1,False,False,False,False,False,False
53,27,white,White material conservative,Nxd4,c2d4,1r2k3/3p1p1p/p4n2/8/3p4/8/PPN2P1P/2R2K2 w - - 0 27,1r2k3/3p1p1p/p4n2/8/3N4/8/PP3P1P/2R2K2 b - - 0 27,-1.1825,0.005833333333333338,4,0.4,-0.7059249383881315,-0.7596324513342634,-0.05370751294613185,-0.7059249383881315,-0.7059249383881315,-0.7596324513342634,-0.05370751294613185,0,0,-0.05370751294613185,0.0,0.0020615197927089314,1.002063646185586,1.002063646185586,1.0000357279293528,1.002063646185586,4,4,4,1,22,22,0,0,0,0,0,1.0,1.0,-3.3306690738754696e-16,141,1535,121,4,1.1523809523809523,211,0.8534992840004634,c2d4,True,-0.7596324513342634,-0.7596324513342634,3.572729112549478e-05,-1.0066666666666666,-0.24703421533240322,1,False,False,False,False,False,False
54,28,black,Black positional controller,Rxb2,b8b2,1r2k3/3p1p1p/p4n2/8/3N4/8/PP3P1P/2R2K2 b - - 0 27,4k3/3p1p1p/p4n2/8/3N4/8/Pr3P1P/2R2K2 w - - 0 28,0.005833333333333338,-1.0066666666666666,4,0.4,-0.7508156586906221,-0.7508156622617299,-3.5711078538724905e-09,-0.7508156586906221,-0.7508156586906221,-0.7508156622617299,-3.5711078538724905e-09,0,0,-3.5711078538724905e-09,0.0,9.756985422433668e-08,1.000000097569859,1.000000097569859,1.0271413067444135,1.000000097569859,4,4,4,1,22,28,0,0,0,0,0,0.9999999999999999,0.9999999999999999,-1.1102230246251565e-16,116,1370,95,4,1.043956043956044,38,0.6371073350001097,b8b2,True,-0.7508156622617299,-0.7508156622617299,0.026779513248254436,-0.6533333333333333,0.09748232892839659,1,False,False,False,False,False,False
55,28,white,White material conservative,Re1+,c1e1,4k3/3p1p1p/p4n2/8/3N4/8/Pr3P1P/2R2K2 w - - 0 28,4k3/3p1p1p/p4n2/8/3N4/8/Pr3P1P/4RK2 b - - 1 28,-1.0066666666666666,-0.6533333333333333,4,0.4,-0.7596342159289526,-0.8470833333333333,-0.08744911740438066,-0.7596342159289526,-0.7596342159289526,-0.8470833333333333,-0.08744911740438066,0,0,-0.08744911740438066,0.0,0.31500495025415226,1.3702660941056295,1.3702660941056295,2.0,1.3702660941056295,4,4,4,1,28,4,0,0,0,0,0,1.0,1.0,0.0,163,1343,155,4,1.4351851851851851,231,0.6561961500001416,c1e1,True,-0.8470833333333333,-0.8470833333333333,0.6931471805599453,-0.8470833333333333,0.0,1,False,False,False,False,False,False
56,29,black,Black positional controller,Kd8,e8d8,4k3/3p1p1p/p4n2/8/3N4/8/Pr3P1P/4RK2 b - - 1 28,3k4/3p1p1p/p4n2/8/3N4/8/Pr3P1P/4RK2 w - - 2 29,-0.6533333333333333,-0.8470833333333333,4,0.4,-0.847083333333334,-0.8658191748036124,-0.018735841470278403,-0.847083333333334,-0.847083333333334,-0.8658191748036124,-0.018735841470278403,0,0,-0.018735841470278403,0.0,0.6931471805602969,2.000000000000703,2.000000000000703,2.912226981626247,2.000000000000703,4,4,4,1,4,27,0,0,0,0,0,1.0,1.0,0.0,30,267,26,4,1.2380952380952381,16,0.11738190999949438,e8d8,False,-0.8658191748036124,-0.8658191748036124,1.0689180742837663,-0.8554166666666666,0.010402508136945765,1,False,False,False,False,False,False
57,29,white,White material conservative,a3,a2a3,3k4/3p1p1p/p4n2/8/3N4/8/Pr3P1P/4RK2 w - - 2 29,3k4/3p1p1p/p4n2/8/3N4/P7/1r3P1P/4RK2 b - - 0 29,-0.8470833333333333,-0.8554166666666666,4,0.4,-0.8667311595243805,-0.8102449238670364,0.05648623565734412,-0.8667311595243805,-0.8667311595243805,-0.8102449238670364,0.05648623565734412,0,0,0.05648623565734412,0.0,1.0761329278335254,2.9333142521133198,2.9333142521133198,13.19197222777875,2.9333142521133198,4,4,2,2,27,25,0,0,0,0,0,0.9999999999999999,1.0,0.0,200,1812,177,4,1.3828125,103,0.9134867870006929,a2a3,False,-0.8102449238670364,-0.8102449238670364,2.5796084800230283,-0.9220833333333334,-0.11183840946629697,1,False,False,False,False,False,False
58,30,black,Black positional controller,d6,d7d6,3k4/3p1p1p/p4n2/8/3N4/P7/1r3P1P/4RK2 b - - 0 29,3k4/5p1p/p2p1n2/8/3N4/P7/1r3P1P/4RK2 w - - 0 30,-0.8554166666666666,-0.9220833333333334,4,0.4,-0.9031399899562031,-0.9938492877972837,-0.0907092978410805,-0.9031399899562031,-0.9031399899562031,-0.9938492877972837,-0.0907092978410805,0,0,-0.0907092978410805,0.0,1.9725147497134727,7.188731637566741,7.188731637566741,1.0723846698721697,7.188731637566741,3,3,4,3,25,26,0,0,0,0,0,1.0,0.9999999999999999,-2.220446049250313e-16,207,1689,186,4,1.441860465116279,121,0.767942120999578,d7d6,False,-0.9938492877972837,-0.9938492877972837,0.06988483211912587,-0.8866666666666666,0.10718262113061705,1,False,False,False,False,False,False
59,30,white,White material conservative,Kg1,f1g1,3k4/5p1p/p2p1n2/8/3N4/P7/1r3P1P/4RK2 w - - 0 30,3k4/5p1p/p2p1n2/8/3N4/P7/1r3P1P/4R1K1 b - - 1 30,-0.9220833333333334,-0.8866666666666666,4,0.4,-0.9749993055474171,-0.8494635631485808,0.12553574239883625,-0.9749993055474171,-0.9749993055474171,-0.8494635631485808,0.12553574239883625,0,0,0.12553574239883625,0.0,0.93522033302289,2.5477747548139673,2.5477747548139673,9.438013209359651,2.5477747548139673,4,4,2,2,26,26,0,0,0,0,0,1.0,1.0,1.1102230246251565e-16,249,2237,226,4,1.6496350364963503,179,1.2355252300003485,f1g1,False,-0.8494635631485808,-0.8494635631485808,2.2447454928963135,-0.9320833333333333,-0.08261977018475242,1,False,False,False,False,False,False
60,31,black,Black positional controller,Rd2,b2d2,3k4/5p1p/p2p1n2/8/3N4/P7/1r3P1P/4R1K1 b - - 1 30,3k4/5p1p/p2p1n2/8/3N4/P7/3r1P1P/4R1K1 w - - 2 31,-0.8866666666666666,-0.9320833333333333,4,0.4,-0.9051522163920809,-1.0148095672130029,-0.10965735082092198,-0.9051522163920809,-0.9051522163920809,-1.0148095672130029,-0.10965735082092198,0,0,-0.10965735082092198,0.0,1.8111923431622972,6.117737527729083,6.117737527729083,1.0272454651246763,6.117737527729083,3,3,4,3,26,28,0,0,0,0,0,1.0,0.9999999999999999,3.3306690738754696e-16,182,1970,158,4,1.264,96,0.9083400660001644,b2d2,False,-1.0148095672130029,-1.0148095672130029,0.026880914193566478,-0.9304166666666666,0.0843929005463363,1,False,False,False,False,False,False
61,31,white,White material conservative,Nf3,d4f3,3k4/5p1p/p2p1n2/8/3N4/P7/3r1P1P/4R1K1 w - - 2 31,3k4/5p1p/p2p1n2/8/8/P4N2/3r1P1P/4R1K1 b - - 3 31,-0.9320833333333333,-0.9304166666666666,4,0.4,-1.0062820761291398,-0.8786833703331305,0.1275987057960093,-1.0062820761291398,-1.0062820761291398,-0.8786833703331305,0.1275987057960093,0,0,0.1275987057960093,0.0,0.3766276518027967,1.457361562381639,1.457361562381639,3.6137285072878953,1.457361562381639,4,4,4,1,28,23,0,0,0,0,0,1.0,1.0,0.0,334,2976,311,4,1.6542553191489362,246,1.7138914139995904,d4f3,False,-0.8786833703331305,-0.8786833703331305,1.2847400668490017,-0.9524999999999999,-0.07381662966686942,1,False,False,False,False,False,False
62,32,black,Black positional controller,Rd3,d2d3,3k4/5p1p/p2p1n2/8/8/P4N2/3r1P1P/4R1K1 b - - 3 31,3k4/5p1p/p2p1n2/8/8/P2r1N2/5P1P/4R1K1 w - - 4 32,-0.9304166666666666,-0.9524999999999999,4,0.4,-0.9084427429755628,-0.9829218159334727,-0.0744790729579099,-0.9084427429755628,-0.9084427429755628,-0.9829218159334727,-0.0744790729579099,0,0,-0.0744790729579099,0.0,0.7589454987484872,2.136022593981046,2.136022593981046,1.0007700547708238,2.136022593981046,4,4,4,1,23,23,0,0,0,0,0,1.0,1.0000000000000002,1.1102230246251565e-16,189,1808,171,4,1.4741379310344827,170,0.8672309450003013,d2d3,False,-0.9829218159334727,-0.9829218159334727,0.0007697584307710672,-1.0570833333333332,-0.07416151739986043,1,False,False,False,False,False,False
63,32,white,White material conservative,Ng5,f3g5,3k4/5p1p/p2p1n2/8/8/P2r1N2/5P1P/4R1K1 w - - 4 32,3k4/5p1p/p2p1n2/6N1/8/P2r4/5P1P/4R1K1 b - - 5 32,-0.9524999999999999,-1.0570833333333332,4,0.4,-0.9829167975405673,-1.0580172485084651,-0.07510045096789786,-0.9829167975405673,-0.9829167975405673,-1.0580172485084651,-0.07510045096789786,0,0,-0.07510045096789786,0.0,2.6388084454432687e-05,1.000026388432623,1.000026388432623,1.026871189976589,1.000026388432623,4,4,4,1,23,25,0,0,0,0,0,0.9999999999999999,0.9999999999999999,0.0,197,1877,177,4,1.4873949579831933,169,0.9710131609999735,f3g5,False,-1.0580172485084651,-1.0580172485084651,0.026516499493651913,-1.1112499999999998,-0.053232751491534724,1,False,False,False,False,False,False
64,33,black,Black positional controller,Kc8,d8c8,3k4/5p1p/p2p1n2/6N1/8/P2r4/5P1P/4R1K1 b - - 5 32,2k5/5p1p/p2p1n2/6N1/8/P2r4/5P1P/4R1K1 w - - 6 33,-1.0570833333333332,-1.1112499999999998,4,0.4,-1.0493573218385501,-1.1043029726173612,-0.054945650778811084,-1.0493573218385501,-1.0493573218385501,-1.1043029726173612,-0.054945650778811084,0,0,-0.054945650778811084,0.0,0.5861163090735895,1.7969958691908328,1.7969958691908328,1.0151907755191598,1.7969958691908328,4,4,4,1,25,26,0,0,0,0,0,1.0,1.0,2.220446049250313e-16,173,2230,157,4,1.2076923076923076,210,1.045909467000456,d8c8,False,-1.1043029726173612,-1.1043029726173612,0.015076551008713735,-0.06374999999999989,1.0405529726173612,1,False,False,False,False,False,False
65,33,white,White material conservative,Nxf7,g5f7,2k5/5p1p/p2p1n2/6N1/8/P2r4/5P1P/4R1K1 w - - 6 33,2k5/5N1p/p2p1n2/8/8/P2r4/5P1P/4R1K1 b - - 0 33,-1.1112499999999998,-0.06374999999999989,4,0.4,-0.7734771762346175,-0.053222419467094606,0.7202547567675229,-0.7734771762346175,-0.7734771762346175,-0.053222419467094606,0.7202547567675229,0,0,0.7202547567675229,0.0,0.007387192114135409,1.007414544729326,1.007414544729326,2.2066148657967757,1.007414544729326,4,4,4,1,26,26,0,0,0,0,0,1.0,1.0,1.0408340855860843e-16,189,2382,164,4,1.2713178294573644,117,1.1006336119999105,g5f7,True,-0.053222419467094606,-0.053222419467094606,0.7914596062908197,-1.01375,-0.9605275805329053,1,False,False,False,False,False,False
66,34,black,Black positional controller,Rxa3,d3a3,2k5/5N1p/p2p1n2/8/8/P2r4/5P1P/4R1K1 b - - 0 33,2k5/5N1p/p2p1n2/8/8/r7/5P1P/4R1K1 w - - 0 34,-0.06374999999999989,-1.01375,4,0.4,-0.054993109576828555,-1.0158333371689336,-0.9608402275921051,-0.054993109576828555,-0.054993109576828555,-1.0158333371689336,-0.9608402275921051,0,0,-0.9608402275921051,0.0,0.07985731495943614,1.0831325098425726,1.0831325098425726,1.000015496206496,1.0831325098425726,4,4,4,1,26,25,0,0,0,0,0,1.0,0.9999999999999999,-1.3877787807814457e-17,153,1487,130,4,1.1607142857142858,160,0.6772849239996503,d3a3,True,-1.0158333371689336,-1.0158333371689336,1.5496086430935307e-05,0.3979166666666667,1.4137500038356003,1,False,False,False,False,False,False
67,34,white,White material conservative,Nxd6+,f7d6,2k5/5N1p/p2p1n2/8/8/r7/5P1P/4R1K1 w - - 0 34,2k5/7p/p2N1n2/8/8/r7/5P1P/4R1K1 b - - 0 34,-1.01375,0.3979166666666667,4,0.4,-0.9497688145685225,0.09794228601081498,1.0477111005793374,-0.9497688145685225,-0.9497688145685225,0.09794228601081498,1.0477111005793374,0,0,1.0477111005793374,0.0,0.2710864634953988,1.3113884527122484,1.3113884527122484,3.82312541292876,1.3113884527122484,4,4,4,1,25,4,0,0,0,0,0,1.0,1.0,0.0,245,2254,222,4,1.5205479452054795,319,1.1539709480002784,f7d6,True,0.09794228601081498,0.09794228601081498,1.341068259022863,0.038750000000000014,-0.059192286010814964,1,False,False,False,False,False,False
68,35,black,Black positional controller,Kd7,c8d7,2k5/7p/p2N1n2/8/8/r7/5P1P/4R1K1 b - - 0 34,8/3k3p/p2N1n2/8/8/r7/5P1P/4R1K1 w - - 1 35,0.3979166666666667,0.038750000000000014,4,0.4,0.08582150687705498,0.030736282922686226,-0.05508522395436875,0.08582150687705498,0.08582150687705498,0.030736282922686226,-0.05508522395436875,0,0,-0.05508522395436875,0.0,0.972659565670096,2.644969583626648,2.644969583626648,1.9970071765173834,2.644969583626648,4,4,4,2,4,27,0,0,0,0,0,1.0,1.0000000000000002,0.0,33,218,29,4,1.380952380952381,25,0.12950801800070622,c8d7,True,0.030736282922686226,0.030736282922686226,0.6916496480763864,0.07666666666666665,0.045930383743980424,1,False,False,False,False,False,False
69,35,white,White material conservative,Nf5,d6f5,8/3k3p/p2N1n2/8/8/r7/5P1P/4R1K1 w - - 1 35,8/3k3p/p4n2/5N2/8/r7/5P1P/4R1K1 b - - 2 35,0.038750000000000014,0.07666666666666665,4,0.4,0.03062650331720326,0.1156435534402277,0.08501705012302443,0.03062650331720326,0.03062650331720326,0.1156435534402277,0.08501705012302443,0,0,0.08501705012302443,0.0,0.7287014712908685,2.0723878046506914,2.0723878046506914,5.07621359378792,2.0723878046506914,4,4,3,1,27,24,0,0,0,0,0,1.0,1.0,2.7755575615628914e-17,283,2415,262,4,1.5595238095238095,237,1.4413808930003142,d6f5,False,0.1156435534402277,0.1156435534402277,1.624565628121275,0.08499999999999998,-0.03064355344022772,1,False,False,False,False,False,False
70,36,black,Black positional controller,h5,h7h5,8/3k3p/p4n2/5N2/8/r7/5P1P/4R1K1 b - - 2 35,8/3k4/p4n2/5N1p/8/r7/5P1P/4R1K1 w - - 0 36,0.07666666666666665,0.08499999999999998,4,0.4,0.1298501372346134,-0.05284178124461971,-0.1826919184792331,0.1298501372346134,0.1298501372346134,-0.05284178124461971,-0.1826919184792331,0,0,-0.18269191847923308,-2.7755575615628914e-17,0.6831029730422478,1.9800121341420727,1.9800121341420727,1.3072422642680548,1.9800121341420727,4,4,4,1,24,27,0,0,0,0,0,1.0,1.0,-3.469446951953614e-17,155,1826,133,4,1.1875,128,0.8980183509993367,h7h5,False,-0.05284178124461971,-0.05284178124461971,0.2679197765073433,0.07666666666666665,0.12950844791128635,1,False,False,False,False,False,False
71,36,white,White material conservative,Kf1,g1f1,8/3k4/p4n2/5N1p/8/r7/5P1P/4R1K1 w - - 0 36,8/3k4/p4n2/5N1p/8/r7/5P1P/4RK2 b - - 1 36,0.08499999999999998,0.07666666666666665,4,0.4,0.06930214297801761,0.12810129929052133,0.05879915631250372,0.06930214297801761,0.06930214297801761,0.12810129929052133,0.05879915631250372,0,0,0.05879915631250372,0.0,0.7714732794763591,2.162950538174797,2.162950538174797,1.1476334144449751,2.162950538174797,4,4,4,1,27,23,0,0,0,0,0,0.9999999999999999,1.0,0.0,266,2672,239,4,1.3976608187134503,210,1.6832945659998586,g1f1,False,0.12810129929052133,0.12810129929052133,0.1377019215058008,0.029166666666666664,-0.09893463262385467,1,False,False,False,False,False,False
72,37,black,Black positional controller,Rf3,a3f3,8/3k4/p4n2/5N1p/8/r7/5P1P/4RK2 b - - 1 36,8/3k4/p4n2/5N1p/8/5r2/5P1P/4RK2 w - - 2 37,0.07666666666666665,0.029166666666666664,4,0.4,0.12915058012672423,-0.11614164970375078,-0.245292229830475,0.12915058012672423,0.12915058012672423,-0.11614164970375078,-0.245292229830475,0,0,-0.245292229830475,0.0,0.0018031231936196308,1.0018047497977542,1.0018047497977542,1.000054422377542,1.0018047497977542,4,4,4,1,23,24,0,0,0,0,0,1.0,1.0,-1.3877787807814457e-17,155,1635,134,4,1.2072072072072073,75,0.7988336309999795,a3f3,False,-0.11614164970375078,-0.11614164970375078,5.4420896698253814e-05,0.22499999999999998,0.34114164970375077,1,False,False,False,False,False,False
73,37,white,White material conservative,Re7+,e1e7,8/3k4/p4n2/5N1p/8/5r2/5P1P/4RK2 w - - 2 37,8/3kR3/p4n2/5N1p/8/5r2/5P1P/5K2 b - - 3 37,0.029166666666666664,0.22499999999999998,4,0.4,0.02417638413020148,1.4762358063011054,1.452059422170904,0.02417638413020148,0.02417638413020148,1.4762358063011054,1.452059422170904,0,0,1.452059422170904,0.0,0.04769656509232819,1.0488523486186654,1.0488523486186654,2.9531980050506634,1.0488523486186654,4,4,4,1,24,3,0,0,0,0,0,1.0,1.0,0.0,337,2539,319,4,1.8125,305,1.6011811489997854,e1e7,True,1.4762358063011054,1.4762358063011054,1.0828886526814017,0.10499999999999997,-1.3712358063011054,1,False,False,False,False,False,False
74,38,black,Black positional controller,Kc8,d7c8,8/3kR3/p4n2/5N1p/8/5r2/5P1P/5K2 b - - 3 37,2k5/4R3/p4n2/5N1p/8/5r2/5P1P/5K2 w - - 4 38,0.22499999999999998,0.10499999999999997,4,0.4,3.4407535952104578,0.05180787323074144,-3.388945721979716,3.4407535952104578,3.4407535952104578,0.05180787323074144,-3.388945721979716,0,0,-3.388945721979716,0.0,0.7361850330007461,2.087954822391735,2.087954822391735,1.0811403102055035,2.087954822391735,4,4,4,1,3,27,0,0,0,0,0,1.0,1.0,0.0,17,123,14,4,1.0769230769230769,9,0.05811494599947764,d7c8,False,0.05180787323074144,0.05180787323074144,0.07801632690905308,0.2291666666666666,0.17735879343592517,1,False,False,False,False,False,False
75,38,white,White material conservative,Ne3,f5e3,2k5/4R3/p4n2/5N1p/8/5r2/5P1P/5K2 w - - 4 38,2k5/4R3/p4n2/7p/8/4Nr2/5P1P/5K2 b - - 5 38,0.10499999999999997,0.2291666666666666,4,0.4,0.057056646950311374,0.19884183230750935,0.14178518535719797,0.057056646950311374,0.057056646950311374,0.19884183230750935,0.14178518535719797,0,0,0.14178518535719797,0.0,0.700157740267163,2.01407038241496,2.01407038241496,7.72853405637826,2.01407038241496,4,4,3,1,27,17,0,0,0,0,0,1.0,1.0,0.0,297,2210,276,4,1.6428571428571428,254,1.3079498050001348,f5e3,False,0.19884183230750935,0.19884183230750935,2.044919201196666,0.25125,0.052408167692490626,1,False,False,False,False,False,False
76,39,black,Black positional controller,Ne4,f6e4,2k5/4R3/p4n2/7p/8/4Nr2/5P1P/5K2 b - - 5 38,2k5/4R3/p7/7p/4n3/4Nr2/5P1P/5K2 w - - 6 39,0.2291666666666666,0.25125,4,0.4,0.166670352718205,0.015600945003204438,-0.15106940771500055,0.166670352718205,0.166670352718205,0.015600945003204438,-0.15106940771500055,0,0,-0.15106940771500055,0.0,1.1491101765056726,3.15538392537457,3.15538392537457,1.1615283672258034,3.15538392537457,4,4,4,2,17,24,0,0,0,0,0,0.9999999999999999,1.0,0.0,152,1286,136,4,1.36,78,0.7312614100001156,f6e4,False,0.015600945003204438,0.015600945003204438,0.1497366958537282,3.3183333333333334,3.3027323883301287,1,False,False,False,False,False,False
77,39,white,White material conservative,Rxe4,e7e4,2k5/4R3/p7/7p/4n3/4Nr2/5P1P/5K2 w - - 6 39,2k5/8/p7/7p/4R3/4Nr2/5P1P/5K2 b - - 0 39,0.25125,3.3183333333333334,4,0.4,3.2981926044519194,3.298204233675977,1.162922405750777e-05,3.2981926044519194,3.2981926044519194,3.298204233675977,1.162922405750777e-05,0,0,1.162922405750777e-05,0.0,4.882437393377804e-05,1.0000488255658628,1.0000488255658628,8.7596496241411,1.0000488255658628,4,4,2,1,24,16,0,0,0,0,0,1.0,1.0,8.881784197001252e-16,167,1693,148,4,1.3214285714285714,127,0.8821197600000232,e7e4,True,3.298204233675977,3.298204233675977,2.170155906904222,3.3133333333333335,0.015129099657356537,1,False,False,False,False,False,False
78,40,black,Black positional controller,Kd7,c8d7,2k5/8/p7/7p/4R3/4Nr2/5P1P/5K2 b - - 0 39,8/3k4/p7/7p/4R3/4Nr2/5P1P/5K2 w - - 1 40,3.3183333333333334,3.3133333333333335,4,0.4,3.278037314483885,3.1776908714146725,-0.10034644306921248,3.278037314483885,3.278037314483885,3.1776908714146725,-0.10034644306921248,0,0,-0.10034644306921248,0.0,1.9229806707867305,6.841319831120991,6.841319831120991,1.6478370834682752,6.841319831120991,3,3,4,3,16,24,0,0,0,0,0,1.0,1.0,4.440892098500626e-16,173,1498,159,4,1.3706896551724137,113,0.7463304129996686,c8d7,False,3.1776908714146725,3.1776908714146725,0.49946356948182785,3.4504166666666665,0.2727257952519939,1,False,False,False,False,False,False
79,40,white,White material conservative,Rd4+,e4d4,8/3k4/p7/7p/4R3/4Nr2/5P1P/5K2 w - - 1 40,8/3k4/p7/7p/3R4/4Nr2/5P1P/5K2 b - - 2 40,3.3133333333333335,3.4504166666666665,4,0.4,3.17085221105218,3.334724590896241,0.16387237984406067,3.17085221105218,3.17085221105218,3.334724590896241,0.16387237984406067,0,0,0.16387237984406067,0.0,0.8488845670849204,2.337038587759973,2.337038587759973,5.941932425334638,2.337038587759973,4,4,3,1,24,6,0,0,0,0,0,1.0,1.0,0.0,290,2143,281,4,1.8986486486486487,397,1.4222152680004,e4d4,False,3.334724590896241,3.334724590896241,1.7820344045985432,3.3208333333333333,-0.013891257562907544,1,False,False,False,False,False,False
80,41,black,Black positional controller,Kc7,d7c7,8/3k4/p7/7p/3R4/4Nr2/5P1P/5K2 b - - 2 40,8/2k5/p7/7p/3R4/4Nr2/5P1P/5K2 w - - 3 41,3.4504166666666665,3.3208333333333333,4,0.4,3.3396646788524746,3.2200090348949497,-0.11965564395752493,3.3396646788524746,3.3396646788524746,3.2200090348949497,-0.11965564395752493,0,0,-0.11965564395752493,0.0,1.0547649410928122,2.8713001498961592,2.8713001498961592,1.001109038966708,2.8713001498961592,4,4,4,2,6,27,0,0,0,0,0,1.0,1.0,8.881784197001252e-16,49,243,48,4,1.5483870967741935,54,0.17131317799976387,d7c7,False,3.2200090348949497,3.2200090348949497,0.0011084244373092637,3.370833333333333,0.1508242984383834,1,False,False,False,False,False,False
81,41,white,White material conservative,Rd5,d4d5,8/2k5/p7/7p/3R4/4Nr2/5P1P/5K2 w - - 3 41,8/2k5/p7/3R3p/8/4Nr2/5P1P/5K2 b - - 4 41,3.3208333333333333,3.370833333333333,4,0.4,3.225992952481101,3.3673475712070697,0.14135461872596888,3.225992952481101,3.225992952481101,3.3673475712070697,0.14135461872596888,0,0,0.14135461872596888,0.0,0.5005883403278564,1.6496915653168136,1.6496915653168136,1.2120531231943996,1.6496915653168136,4,4,4,1,27,16,0,0,0,0,0,1.0,1.0,8.881784197001252e-16,317,2351,308,4,1.9371069182389937,445,1.5159305990000576,d4d5,False,3.3673475712070697,3.3673475712070697,0.1923157177050533,3.3625,-0.004847571207069912,1,False,False,False,False,False,False
82,42,black,Black positional controller,h4,h5h4,8/2k5/p7/3R3p/8/4Nr2/5P1P/5K2 b - - 4 41,8/2k5/p7/3R4/7p/4Nr2/5P1P/5K2 w - - 0 42,3.370833333333333,3.3625,4,0.4,3.36218956140947,3.178388551568544,-0.18380100984092573,3.36218956140947,3.36218956140947,3.178388551568544,-0.18380100984092573,0,0,-0.18380100984092573,0.0,0.030765622879313573,1.0312437756129869,1.0312437756129869,1.0043227096275655,1.0312437756129869,4,4,4,1,16,25,0,0,0,0,0,0.9999999999999999,1.0,0.0,103,1039,94,4,1.2533333333333334,134,0.5902329310001733,h5h4,False,3.178388551568544,3.178388551568544,0.004313393555770034,3.2720833333333332,0.09369478176478907,1,False,False,False,False,False,False
83,42,white,White material conservative,Rf5,d5f5,8/2k5/p7/3R4/7p/4Nr2/5P1P/5K2 w - - 0 42,8/2k5/p7/5R2/7p/4Nr2/5P1P/5K2 b - - 1 42,3.3625,3.2720833333333332,4,0.4,3.1848636505916397,3.3445833332943287,0.159719682702689,3.1848636505916397,3.1848636505916397,3.3445833332943287,0.159719682702689,0,0,0.159719682702689,0.0,0.42481604515098315,1.5293090699672858,1.5293090699672858,1.0000000037543033,1.5293090699672858,4,4,4,1,25,16,0,0,0,0,0,1.0,1.0,0.0,200,1701,187,4,1.4724409448818898,241,0.9497387770006753,d5f5,False,3.3445833332943287,3.3445833332943287,3.7543032646475744e-09,-2.138333333333333,-5.482916666627662,1,False,False,False,False,False,False
84,43,black,Black positional controller,Rxf5,f3f5,8/2k5/p7/5R2/7p/4Nr2/5P1P/5K2 b - - 1 42,8/2k5/p7/5r2/7p/4N3/5P1P/5K2 w - - 0 43,3.2720833333333332,-2.138333333333333,4,0.4,-0.01569003287070078,3.09999999998417,3.1156900328548707,-0.01569003287070078,-0.01569003287070078,3.09999999998417,3.1156900328548707,0,0,3.1156900328548707,0.0,0.1363737079024359,1.1461101239837324,1.1461101239837324,1.0000000002500002,1.1461101239837324,4,4,4,1,16,14,0,0,0,0,0,1.0,1.0,3.469446951953614e-18,105,937,99,4,1.2857142857142858,129,0.45968277800056967,f3f5,True,3.09999999998417,3.09999999998417,2.5000030040919587e-10,3.127083333333333,0.02708333334916313,1,False,False,False,False,False,False
85,43,white,White material conservative,Nxf5,e3f5,8/2k5/p7/5r2/7p/4N3/5P1P/5K2 w - - 0 43,8/2k5/p7/5N2/7p/8/5P1P/5K2 b - - 0 43,-2.138333333333333,3.127083333333333,4,0.4,3.1000000016017237,3.100000001685093,8.33693114543621e-11,3.1000000016017237,3.1000000016017237,3.100000001685093,8.33693114543621e-11,0,0,8.33693114543621e-11,0.0,1.2082310511577275e-16,1.0000000000000002,1.0000000000000002,1.0000003985642487,1.0000000000000002,4,4,4,1,14,9,0,0,0,0,0,1.0,0.9999999999999999,0.0,206,1346,197,4,1.7130434782608697,172,0.7479118880000897,e3f5,True,3.100000001685093,3.100000001685093,3.985641692672148e-07,3.06875,-0.031250001685092954,1,False,False,False,False,False,False
86,44,black,Black positional controller,Kc6,c7c6,8/2k5/p7/5N2/7p/8/5P1P/5K2 b - - 0 43,8/8/p1k5/5N2/7p/8/5P1P/5K2 w - - 1 44,3.127083333333333,3.06875,4,0.4,3.100000000037779,3.1044449243300005,0.0044449242922213195,3.100000000037779,3.100000000037779,3.1044449243300005,0.0044449242922213195,0,0,0.0044449242922213195,0.0,3.842156197827772e-08,1.0000000384215628,1.0000000384215628,3.1231645713073157,1.0000000384215628,4,4,4,1,9,15,0,0,0,0,0,1.0,1.0,0.0,76,436,74,4,1.3703703703703705,90,0.2128049729999475,c7c6,True,3.1044449243300005,3.1044449243300005,1.1388467734566567,3.97875,0.8743050756699993,1,False,False,False,False,False,False
87,44,white,White material conservative,Nxh4,f5h4,8/8/p1k5/5N2/7p/8/5P1P/5K2 w - - 1 44,8/8/p1k5/8/7N/8/5P1P/5K2 b - - 0 44,3.06875,3.97875,4,0.4,3.431199032419841,4.006275516453349,0.5750764840335081,3.431199032419841,3.431199032419841,4.006275516453349,0.5750764840335081,0,0,0.5750764840335081,0.0,1.6828036321806823,5.380620123814033,5.380620123814033,8.548979394218483,5.380620123814033,3,3,2,3,15,9,0,0,0,0,0,1.0,1.0,0.0,252,1069,247,4,1.9603174603174602,243,0.5660523919996194,f5h4,True,4.006275516453349,4.006275516453349,2.1458119067263577,3.8008333333333333,-0.20544218312001572,1,False,False,False,False,False,False
88,45,black,Black positional controller,Kd5,c6d5,8/8/p1k5/8/7N/8/5P1P/5K2 b - - 0 44,8/8/p7/3k4/7N/8/5P1P/5K2 w - - 1 45,3.97875,3.8008333333333333,4,0.4,3.9693535187473983,3.976923322031285,0.007569803283886678,3.9693535187473983,3.9693535187473983,3.976923322031285,0.007569803283886678,0,0,0.007569803283886678,0.0,0.40914007264347213,1.5055225882455552,1.5055225882455552,1.9608375742950392,1.5055225882455552,4,4,4,1,9,11,0,0,0,0,0,0.9999999999999999,0.9999999999999999,4.440892098500626e-16,91,363,85,4,1.4912280701754386,116,0.19067249599993374,c6d5,True,3.976923322031285,3.976923322031285,0.673371715785331,3.9475000000000002,-0.029423322031284727,1,False,False,False,False,False,False
89,45,white,White material conservative,Nf3,h4f3,8/8/p7/3k4/7N/8/5P1P/5K2 w - - 1 45,8/8/p7/3k4/8/5N2/5P1P/5K2 b - - 2 45,3.8008333333333333,3.9475000000000002,4,0.4,3.9765250409028683,4.027282995233316,0.0507579543304475,3.9765250409028683,3.9765250409028683,4.027282995233316,0.0507579543304475,0,0,0.0507579543304475,0.0,0.7210505598946588,2.05659264989277,2.05659264989277,6.984227128848226,2.05659264989277,4,4,3,1,11,7,0,0,0,0,0,1.0,1.0,8.881784197001252e-16,107,340,108,4,1.7704918032786885,200,0.20335429800070415,h4f3,True,4.027282995233316,4.027282995233316,1.9436543393212418,4.019583333333333,-0.007699661899982502,1,False,False,False,False,False,False
90,46,black,Black positional controller,Ke6,d5e6,8/8/p7/3k4/8/5N2/5P1P/5K2 b - - 2 45,8/8/p3k3/8/8/5N2/5P1P/5K2 w - - 3 46,3.9475000000000002,4.019583333333333,4,0.4,4.006575930162864,3.9673703282147064,-0.039205601948157476,4.006575930162864,4.006575930162864,3.9673703282147064,-0.039205601948157476,0,0,-0.039205601948157476,0.0,1.2355403450181728,3.4402369334561986,3.4402369334561986,2.9225022678333135,3.4402369334561986,4,4,4,2,7,13,0,0,0,0,0,1.0,0.9999999999999999,0.0,47,175,45,4,1.4516129032258065,69,0.09071696400042129,d5e6,False,3.9673703282147064,3.9673703282147064,1.0724401903546539,4.077083333333333,0.10971300511862703,1,False,False,False,False,False,False
91,46,white,White material conservative,Ke2,f1e2,8/8/p3k3/8/8/5N2/5P1P/5K2 w - - 3 46,8/8/p3k3/8/8/5N2/4KP1P/8 b - - 4 46,4.019583333333333,4.077083333333333,4,0.4,4.0495541519871825,4.158135130323443,0.10858097833626079,4.0495541519871825,4.0495541519871825,4.158135130323443,0.10858097833626079,0,0,0.10858097833626079,0.0,1.48838792025717,4.429948329667893,4.429948329667893,7.884135096886518,4.429948329667893,3,3,3,2,13,8,0,0,0,0,0,1.0,1.0,-1.7763568394002505e-15,222,690,237,4,2.2149532710280373,322,0.4494478770002388,f1e2,False,4.158135130323443,4.158135130323443,2.064852524720338,4.005,-0.1531351303234434,1,False,False,False,False,False,False
92,47,black,Black positional controller,Kd5,e6d5,8/8/p3k3/8/8/5N2/4KP1P/8 b - - 4 46,8/8/p7/3k4/8/5N2/4KP1P/8 w - - 5 47,4.077083333333333,4.005,4,0.4,4.0591290599487975,4.052918709008089,-0.006210350940708764,4.0591290599487975,4.0591290599487975,4.052918709008089,-0.006210350940708764,0,0,-0.006210350940708764,0.0,0.6864203201926047,1.9865914286211908,1.9865914286211908,1.0001857910496785,1.9865914286211908,4,4,4,1,8,15,0,0,0,0,0,1.0,0.9999999999999999,8.881784197001252e-16,44,298,42,4,1.2,56,0.15881983299914282,e6d5,True,4.052918709008089,4.052918709008089,0.00018577379265900102,4.131666666666667,0.07874795765857812,1,False,False,False,False,False,False
93,47,white,White material conservative,Ke3,e2e3,8/8/p7/3k4/8/5N2/4KP1P/8 w - - 5 47,8/8/p7/3k4/8/4KN2/5P1P/8 b - - 6 47,4.005,4.131666666666667,4,0.4,4.05402734057612,4.207372767983333,0.15334542740721346,4.05402734057612,4.05402734057612,4.207372767983333,0.15334542740721346,0,0,0.15334542740721346,0.0,0.05272181358655961,1.0541363579143042,1.0541363579143042,2.031847213906684,1.0541363579143042,4,4,4,1,15,6,0,0,0,0,0,1.0,0.9999999999999999,-8.881784197001252e-16,126,629,119,4,1.5866666666666667,100,0.2959546270003557,e2e3,True,4.207372767983333,4.207372767983333,0.708945336882772,4.230833333333333,0.02346056534999974,1,False,False,False,False,False,False
94,48,black,Black positional controller,Ke6,d5e6,8/8/p7/3k4/8/4KN2/5P1P/8 b - - 6 47,8/8/p3k3/8/8/4KN2/5P1P/8 w - - 7 48,4.131666666666667,4.230833333333333,4,0.4,4.26411959353871,4.157510951987336,-0.1066086415513734,4.26411959353871,4.26411959353871,4.157510951987336,-0.1066086415513734,0,0,-0.1066086415513734,0.0,0.2517876901231881,1.2863229092335753,1.2863229092335753,1.0008846087998693,1.2863229092335753,4,4,4,1,6,15,0,0,0,0,0,1.0,1.0,0.0,27,132,22,4,1.0,30,0.0632202890001281,d5e6,False,4.157510951987336,4.157510951987336,0.0008842177640969433,4.2908333333333335,0.13332238134599717,1,False,False,False,False,False,False
95,48,white,White material conservative,Kd4,e3d4,8/8/p3k3/8/8/4KN2/5P1P/8 w - - 7 48,8/8/p3k3/8/3K4/5N2/5P1P/8 b - - 8 48,4.230833333333333,4.2908333333333335,4,0.4,4.159082066073532,4.2858410866442025,0.12675902057067034,4.159082066073532,4.159082066073532,4.2858410866442025,0.12675902057067034,0,0,0.12675902057067034,0.0,0.11293271120258125,1.119556596796934,1.119556596796934,1.0635133690359397,1.119556596796934,4,4,4,1,15,7,0,0,0,0,0,1.0,1.0,1.7763568394002505e-15,104,600,94,4,1.2876712328767124,127,0.3171316649995788,e3d4,False,4.2858410866442025,4.2858410866442025,0.06157792636987156,4.2908333333333335,0.004992246689131008,1,False,False,False,False,False,False
96,49,black,Black positional controller,a5,a6a5,8/8/p3k3/8/3K4/5N2/5P1P/8 b - - 8 48,8/8/4k3/p7/3K4/5N2/5P1P/8 w - - 0 49,4.2908333333333335,4.2908333333333335,4,0.4,4.285833385389387,4.285821785112417,-1.160027697011401e-05,4.285833385389387,4.285833385389387,4.285821785112417,-1.160027697011401e-05,0,0,-1.160027697011401e-05,0.0,0.00012886919035843945,1.0001288774943493,1.0001288774943493,1.0019705701141812,1.0001288774943493,4,4,4,1,7,14,0,0,0,0,0,1.0,1.0,8.881784197001252e-16,38,250,34,4,1.1333333333333333,25,0.12420925599963084,a6a5,False,4.285821785112417,4.285821785112417,0.00196863108780081,4.217083333333333,-0.06873845177908411,1,False,False,False,False,False,False
97,49,white,White material conservative,Nh4,f3h4,8/8/4k3/p7/3K4/5N2/5P1P/8 w - - 0 49,8/8/4k3/p7/3K3N/8/5P1P/8 b - - 1 49,4.2908333333333335,4.217083333333333,4,0.4,4.282846674111015,4.348217353397968,0.06537067928695262,4.282846674111015,4.282846674111015,4.348217353397968,0.06537067928695262,0,0,0.06537067928695262,0.0,0.22487519914031392,1.2521664349924961,1.2521664349924961,1.0281668171817198,1.2521664349924961,4,4,4,1,14,6,0,0,0,0,0,1.0,0.9999999999999999,-8.881784197001252e-16,82,532,75,4,1.1904761904761905,88,0.24533329299993056,f3h4,False,4.348217353397968,4.348217353397968,0.027777427391123044,4.217083333333333,-0.1311340200646347,1,False,False,False,False,False,False
98,50,black,Black positional controller,a4,a5a4,8/8/4k3/p7/3K3N/8/5P1P/8 b - - 1 49,8/8/4k3/8/p2K3N/8/5P1P/8 w - - 0 50,4.217083333333333,4.217083333333333,4,0.4,4.287040705592002,4.206782088094841,-0.08025861749716068,4.287040705592002,4.287040705592002,4.206782088094841,-0.08025861749716068,0,0,-0.08025861749716068,0.0,5.087176358499106e-05,1.000050873057575,1.000050873057575,4.805845157195951,1.000050873057575,4,4,3,1,6,13,0,0,0,0,0,1.0,1.0,1.7763568394002505e-15,26,147,23,4,1.15,28,0.06588925400046719,a5a4,False,4.206782088094841,4.206782088094841,1.5698329181510406,4.2004166666666665,-0.006365421428174756,1,False,False,False,False,False,False
99,50,white,White material conservative,f3,f2f3,8/8/4k3/8/p2K3N/8/5P1P/8 w - - 0 50,8/8/4k3/8/p2K3N/5P2/7P/8 b - - 0 50,4.217083333333333,4.2004166666666665,4,0.4,4.202950437731139,4.400719788394992,0.1977693506638527,4.202950437731139,4.202950437731139,4.400719788394992,0.1977693506638527,0,0,0.1977693506638527,0.0,1.790561621133191,5.992817214232785,5.992817214232785,1.0281668171817198,5.992817214232785,3,3,4,3,13,6,0,0,0,0,0,0.9999999999999999,0.9999999999999999,8.881784197001252e-16,87,507,74,4,1.1935483870967742,62,0.22089086300002236,f2f3,False,4.400719788394992,4.400719788394992,0.027777427391123044,4.2004166666666665,-0.2003031217283251,1,False,False,False,False,False,False
100,51,black,Black positional controller,a3,a4a3,8/8/4k3/8/p2K3N/5P2/7P/8 b - - 0 50,8/8/4k3/8/3K3N/p4P2/7P/8 w - - 0 51,4.2004166666666665,4.2004166666666665,4,0.4,4.388310379890773,4.2545829210735056,-0.13372745881726722,4.388310379890773,4.388310379890773,4.2545829210735056,-0.13372745881726722,0,0,-0.13372745881726722,0.0,5.087176358499106e-05,1.000050873057575,1.000050873057575,4.349793437224941,1.000050873057575,4,4,3,1,6,11,0,0,0,0,0,1.0,0.9999999999999999,0.0,23,122,20,4,1.0526315789473684,26,0.05400518700025714,a4a3,False,4.2545829210735056,4.2545829210735056,1.4701283582776954,4.192083333333334,-0.06249958774017195,1,False,False,False,False,False,False
101,51,white,White material conservative,h3,h2h3,8/8/4k3/8/3K3N/p4P2/7P/8 w - - 0 51,8/8/4k3/8/3K3N/p4P1P/8/8 b - - 0 51,4.2004166666666665,4.192083333333334,4,0.4,4.235247112913873,4.3919627895799165,0.15671567666604336,4.235247112913873,4.235247112913873,4.3919627895799165,0.15671567666604336,0,0,0.15671567666604336,0.0,1.601549987394586,4.960715515026524,4.960715515026524,1.0362958304290801,4.960715515026524,3,3,4,2,11,6,0,0,0,0,0,1.0,1.0,-8.881784197001252e-16,67,396,59,4,1.18,54,0.1749581770000077,h2h3,False,4.3919627895799165,4.3919627895799165,0.03565265368269635,4.167083333333333,-0.22487945624658323,1,False,False,False,False,False,False
102,52,black,Black positional controller,a2,a3a2,8/8/4k3/8/3K3N/p4P1P/8/8 b - - 0 51,8/8/4k3/8/3K3N/5P1P/p7/8 w - - 0 52,4.192083333333334,4.167083333333333,4,0.4,4.379976024766494,0.994172003700731,-3.3858040210657627,4.379976024766494,4.379976024766494,0.994172003700731,-3.3858040210657627,0,0,-3.3858040210657627,0.0,0.00010340761960178779,1.000103412966354,1.000103412966354,3.4630252601331972,1.000103412966354,4,4,4,1,6,10,0,0,0,0,0,0.9999999999999999,1.0,7.771561172376096e-16,23,139,21,4,1.05,27,0.06419246400037082,a3a2,False,0.994172003700731,0.994172003700731,1.242142559685682,4.18,3.1858279962992686,1,False,False,False,False,False,False
103,52,white,White material conservative,Ng6,h4g6,8/8/4k3/8/3K3N/5P1P/p7/8 w - - 0 52,8/8/4k1N1/8/3K4/5P1P/p7/8 b - - 1 52,4.167083333333333,4.18,4,0.4,1.778519235965561,-4.09860647597136,-5.877125711936921,1.778519235965561,1.778519235965561,-4.09860647597136,-5.877125711936921,0,0,-5.877125711936921,0.0,1.3830926321702213,3.9872135644745983,3.9872135644745983,1.0,3.9872135644745983,4,4,4,2,10,9,0,0,0,0,0,1.0,1.0,0.0,49,373,42,4,1.05,50,0.17642340999918815,h4g6,False,-4.09860647597136,-4.09860647597136,1.3053655693967396e-19,-4.213333333333333,-0.11472685736197263,1,False,False,False,False,False,False
104,53,black,Black positional controller,a1=Q+,a2a1q,8/8/4k1N1/8/3K4/5P1P/p7/8 b - - 1 52,8/8/4k1N1/8/3K4/5P1P/8/q7 w - - 0 53,4.18,-4.213333333333333,4,0.4,-4.111960715360281,-4.111960715360281,0.0,-4.111960715360281,-4.111960715360281,-4.111960715360281,0.0,0,0,0.0,0.0,7.640424120049924e-21,1.0,1.0,1.8769635223400851,1.0,4,4,4,1,9,5,0,0,0,0,0,1.0,1.0,0.0,53,411,48,4,1.1162790697674418,35,0.1727988929997082,a2a1q,True,-4.111960715360281,-4.111960715360281,0.629655323393198,-4.05,0.06196071536028125,1,False,False,False,False,False,False
105,53,white,White material conservative,Kc4,d4c4,8/8/4k1N1/8/3K4/5P1P/8/q7 w - - 0 53,8/8/4k1N1/8/2K5/5P1P/8/q7 b - - 1 53,-4.213333333333333,-4.05,4,0.4,-4.09860647597136,-4.143558209214956,-0.044951733243595804,-4.09860647597136,-4.09860647597136,-4.143558209214956,-0.044951733243595804,0,0,-0.044951733243595804,0.0,0.6926850611541188,1.9990759747098001,1.9990759747098001,2.0476593114606945,1.9990759747098001,4,4,4,1,5,26,0,0,0,0,0,1.0,1.0,-1.7763568394002505e-15,26,126,22,4,1.0476190476190477,26,0.056395462000182306,d4c4,False,-4.143558209214956,-4.143558209214956,0.716697341513429,-4.144583333333333,-0.0010251241183771853,1,False,False,False,False,False,False
106,54,black,Black positional controller,Qf6,a1f6,8/8/4k1N1/8/2K5/5P1P/8/q7 b - - 1 53,8/8/4kqN1/8/2K5/5P1P/8/8 w - - 2 54,-4.05,-4.144583333333333,4,0.4,-4.143670797391219,-5.239958882778222,-1.0962880853870027,-4.143670797391219,-4.143670797391219,-5.239958882778222,-1.0962880853870027,0,0,-1.0962880853870027,0.0,0.6817511790999009,1.9773373740029523,1.9773373740029523,1.9840529500624295,1.9773373740029523,4,4,4,1,26,13,0,0,0,0,0,1.0,1.0,0.0,133,1044,110,4,1.0476190476190477,108,0.4764721459996508,a1f6,False,-5.239958882778222,-5.239958882778222,0.6851416970460793,-4.207083333333333,1.0328755494448885,1,False,False,False,False,False,False
107,54,white,White material conservative,Kb5,c4b5,8/8/4kqN1/8/2K5/5P1P/8/8 w - - 2 54,8/8/4kqN1/1K6/8/5P1P/8/8 b - - 3 54,-4.144583333333333,-4.207083333333333,4,0.4,-6.823466447070035,-5.350994049447923,1.472472397622112,-6.823466447070035,-6.823466447070035,-5.350994049447923,1.472472397622112,0,0,1.472472397622112,0.0,0.5799186305860042,1.7858931077620928,1.7858931077620928,3.6623725295860163,1.7858931077620928,4,4,4,1,13,22,0,0,0,0,0,1.0,1.0,-2.6645352591003757e-15,74,594,64,4,1.103448275862069,102,0.2843423330004953,c4b5,False,-5.350994049447923,-5.350994049447923,1.298111169528909,-4.277083333333334,1.0739107161145895,1,False,False,False,False,False,False
108,55,black,Black positional controller,Kd5,e6d5,8/8/4kqN1/1K6/8/5P1P/8/8 b - - 3 54,8/8/5qN1/1K1k4/8/5P1P/8/8 w - - 4 55,-4.207083333333333,-4.277083333333334,4,0.4,-4.385642352449983,-7.449912969358445,-3.0642706169084626,-4.385642352449983,-4.385642352449983,-7.449912969358445,-3.0642706169084626,0,0,-3.0642706169084626,0.0,0.7438397094688832,2.103998768304916,2.103998768304916,1.000028672852496,2.103998768304916,4,4,4,1,22,11,0,0,0,0,0,1.0,1.0,8.881784197001252e-16,112,959,93,4,1.0813953488372092,76,0.4219808269999703,e6d5,False,-7.449912969358445,-7.449912969358445,2.8672441437758515e-05,-4.25,3.1999129693584454,1,False,False,False,False,False,False
109,55,white,White material conservative,Kb4,b5b4,8/8/5qN1/1K1k4/8/5P1P/8/8 w - - 4 55,8/8/5qN1/3k4/1K6/5P1P/8/8 b - - 5 55,-4.277083333333334,-4.25,4,0.4,-7.454195879430156,-6.938277431657785,0.5159184477723704,-7.454195879430156,-7.454195879430156,-6.938277431657785,0.5159184477723704,0,0,0.5159184477723704,0.0,0.028854054500019904,1.0292743655508827,1.0292743655508827,1.8290315949574023,1.0292743655508827,4,4,4,1,11,26,0,0,0,0,0,0.9999999999999999,1.0,-8.881784197001252e-16,47,525,41,4,1.025,58,0.23614306399940688,b5b4,False,-6.938277431657785,-6.938277431657785,0.6037866437031588,-7.366666666666666,-0.42838923500888093,1,False,False,False,False,False,False
110,56,black,Black positional controller,Qxg6,f6g6,8/8/5qN1/3k4/1K6/5P1P/8/8 b - - 5 55,8/8/6q1/3k4/1K6/5P1P/8/8 w - - 0 56,-4.25,-7.366666666666666,4,0.4,-4.653355526588361,-7.420834340439337,-2.7674788138509765,-4.653355526588361,-4.653355526588361,-7.420834340439337,-2.7674788138509765,0,0,-2.7674788138509765,0.0,1.3536429444055127,3.871503544595537,3.871503544595537,1.0005941853158804,3.871503544595537,4,4,4,2,26,8,0,0,0,0,0,1.0,0.9999999999999999,0.0,124,965,102,4,1.0303030303030303,72,0.4351452130003963,f6g6,True,-7.420834340439337,-7.420834340439337,0.0005940088576814594,-7.382916666666667,0.037917673772670746,1,False,False,False,False,False,False
111,56,white,White material conservative,Kc3,b4c3,8/8/6q1/3k4/1K6/5P1P/8/8 w - - 0 56,8/8/6q1/3k4/8/2K2P1P/8/8 b - - 1 56,-7.366666666666666,-7.382916666666667,4,0.4,-7.421215611019247,-7.427080379312519,-0.0058647682932724265,-7.421215611019247,-7.421215611019247,-7.427080379312519,-0.0058647682932724265,0,0,-0.0058647682932724265,0.0,0.13912451058803388,1.1492671870287603,1.1492671870287603,1.0006881808833301,1.1492671870287603,4,4,4,1,8,28,0,0,0,0,0,1.0000000000000002,1.0,-8.881784197001252e-16,45,365,40,4,1.1764705882352942,38,0.15404733899958956,b4c3,False,-7.427080379312519,-7.427080379312519,0.0006879441954490791,-7.2749999999999995,0.15208037931251983,1,False,False,False,False,False,False
112,57,black,Black positional controller,Qg3,g6g3,8/8/6q1/3k4/8/2K2P1P/8/8 b - - 1 56,8/8/8/3k4/8/2K2PqP/8/8 w - - 2 57,-7.382916666666667,-7.2749999999999995,4,0.4,-7.427083333331202,-7.623517065056994,-0.19643373172579182,-7.427083333331202,-7.427083333331202,-7.623517065056994,-0.19643373172579182,0,0,-0.19643373172579182,0.0,1.305135147380962e-09,1.0000000013051351,1.0000000013051351,2.7572102580185387,1.0000000013051351,4,4,4,1,28,7,0,0,0,0,0,1.0,1.0,0.0,147,1213,134,4,1.1260504201680672,411,0.6391796560001239,g6g3,False,-7.623517065056994,-7.623517065056994,1.0142193924701897,-7.2749999999999995,0.34851706505699465,1,False,False,False,False,False,False
113,57,white,White material conservative,h4,h3h4,8/8/8/3k4/8/2K2PqP/8/8 w - - 2 57,8/8/8/3k4/7P/2K2Pq1/8/8 b - - 0 57,-7.2749999999999995,-7.2749999999999995,4,0.4,-8.208638610209643,-8.673878431307879,-0.46523982109823514,-8.208638610209643,-8.208638610209643,-8.673878431307879,-0.46523982109823514,0,0,-0.46523982109823514,0.0,1.1061182030502394,3.02260246310673,3.02260246310673,1.1558760379047126,3.02260246310673,4,4,4,2,7,23,0,0,0,0,0,1.0,0.9999999999999999,-1.7763568394002505e-15,37,218,33,4,1.1785714285714286,61,0.10430707999967126,h3h4,True,-8.673878431307879,-8.673878431307879,0.14485853085380473,-8.74,-0.06612156869212171,1,False,False,False,False,False,False
114,58,black,Black positional controller,Qxf3+,g3f3,8/8/8/3k4/7P/2K2Pq1/8/8 b - - 0 57,8/8/8/3k4/7P/2K2q2/8/8 w - - 0 58,-7.2749999999999995,-8.74,4,0.4,-7.826103416357842,-8.705833007256045,-0.8797295908982026,-7.826103416357842,-7.826103416357842,-8.705833007256045,-0.8797295908982026,0,0,-0.8797295908982026,0.0,1.492187353311084,4.4468116369962765,4.4468116369962765,1.0000000009515928,4.4468116369962765,3,3,4,2,23,4,0,0,0,0,0,0.9999999999999999,1.0,8.881784197001252e-16,131,1214,112,4,1.087378640776699,217,0.5905644200001916,g3f3,True,-8.705833007256045,-8.705833007256045,9.515927032636209e-10,-8.767083333333334,-0.061250326077288975,1,False,False,False,False,False,False
115,58,white,White material conservative,Kc2,c3c2,8/8/8/3k4/7P/2K2q2/8/8 w - - 0 58,8/8/8/3k4/7P/5q2/2K5/8 b - - 1 58,-8.74,-8.767083333333334,4,0.4,-8.704159372170544,-8.6394984579295,0.0646609142410437,-8.704159372170544,-8.704159372170544,-8.6394984579295,0.0646609142410437,0,0,0.0646609142410437,0.0,0.00078390799223115,1.000784215328404,1.000784215328404,2.2472367349708633,1.000784215328404,4,4,4,1,4,29,0,0,0,0,0,1.0,1.0,0.0,23,124,21,4,1.3125,21,0.05203471599998011,c3c2,False,-8.6394984579295,-8.6394984579295,0.8097013436709323,-8.62,0.019498457929501,1,False,False,False,False,False,False
116,59,black,Black positional controller,Qa3,f3a3,8/8/8/3k4/7P/5q2/2K5/8 b - - 1 58,8/8/8/3k4/7P/q7/2K5/8 w - - 2 59,-8.767083333333334,-8.62,4,0.4,-8.644524638509195,-8.719102541787484,-0.07457790327828917,-8.644524638509195,-8.644524638509195,-8.719102541787484,-0.07457790327828917,0,0,-0.07457790327828917,0.0,0.5776660213726851,1.7818747161257489,1.7818747161257489,2.891192049487815,1.7818747161257489,4,4,4,1,29,4,0,0,0,0,0,1.0,1.0,0.0,189,1872,175,4,1.25,450,0.8746771689993693,f3a3,False,-8.719102541787484,-8.719102541787484,1.0616688909515946,-8.62,0.09910254178748445,1,False,False,False,False,False,False
117,59,white,White material conservative,h5,h4h5,8/8/8/3k4/7P/q7/2K5/8 w - - 2 59,8/8/8/3k3P/8/q7/2K5/8 b - - 0 59,-8.62,-8.62,4,0.4,-8.683055875774079,-8.581882050926326,0.10117382484775206,-8.683055875774079,-8.683055875774079,-8.581882050926326,0.10117382484775206,0,0,0.10117382484775206,0.0,1.3452534275529981,3.8391593660880643,3.8391593660880643,10.359053908059959,3.8391593660880643,4,4,2,2,4,29,0,0,0,0,0,1.0,1.0,0.0,47,85,43,4,1.5357142857142858,51,0.04425161000017397,h4h5,False,-8.581882050926326,-8.581882050926326,2.3378609110454303,-8.767083333333334,-0.18520128240700728,1,False,False,False,False,False,False
118,60,black,Black positional controller,Qf3,a3f3,8/8/8/3k3P/8/q7/2K5/8 b - - 0 59,8/8/8/3k3P/8/5q2/2K5/8 w - - 1 60,-8.62,-8.767083333333334,4,0.4,-8.630969199611455,-8.767080515131026,-0.136111315519571,-8.630969199611455,-8.630969199611455,-8.767080515131026,-0.136111315519571,0,0,-0.136111315519571,0.0,1.4822729402774228,4.402941940240061,4.402941940240061,1.001428537584698,4.402941940240061,3,3,4,2,29,5,0,0,0,0,0,0.9999999999999999,1.0,1.7763568394002505e-15,185,1468,167,4,1.210144927536232,412,0.7233728490000431,a3f3,False,-8.767080515131026,-8.767080515131026,0.0014275181955908023,-8.77375,-0.006669484868973896,1,False,False,False,False,False,False
119,60,white,White material conservative,Kd2,c2d2,8/8/8/3k3P/8/5q2/2K5/8 w - - 1 60,8/8/8/3k3P/8/5q2/3K4/8 b - - 2 60,-8.767083333333334,-8.77375,4,0.4,-8.76708324144155,-8.63688412310152,0.1301991183400304,-8.76708324144155,-8.76708324144155,-8.63688412310152,0.1301991183400304,0,0,0.1301991183400304,0.0,4.33588434868655e-05,1.000043359783495,1.000043359783495,10.399963571341509,1.000043359783495,4,4,2,1,5,29,0,0,0,0,0,0.9999999999999999,1.0,-1.7763568394002505e-15,39,155,38,4,1.4615384615384615,101,0.09899264100022265,c2d2,False,-8.63688412310152,-8.63688412310152,2.341802303385568,-9.585833333333333,-0.9489492102318131,1,False,False,False,False,False,False
120,61,black,Black positional controller,Qxh5,f3h5,8/8/8/3k3P/8/5q2/3K4/8 b - - 2 60,8/8/8/3k3q/8/8/3K4/8 w - - 0 61,-8.77375,-9.585833333333333,4,0.4,-8.718910745998434,-9.60401190345371,-0.8851011574552761,-8.718910745998434,-8.718910745998434,-9.60401190345371,-0.8851011574552761,0,0,-0.8851011574552761,0.0,1.4581080002667828,4.297820356150101,4.297820356150101,1.0000634224709442,4.297820356150101,3,3,4,2,29,6,0,0,0,0,0,1.0,1.0,-3.552713678800501e-15,174,1461,153,4,1.186046511627907,392,0.6910417449998931,f3h5,True,-9.60401190345371,-9.60401190345371,6.342045982428112e-05,,,1,False,False,False,False,False,False
