ply,move_number,side,player,san,uci,fen_before,fen_after,E_before,E_after,cdepth,search_depth,search_mode,adaptive_c,U_current,U_after_move,candidate_delta_u,delta_u,U_player_current,U_before,U_after,cycle_delta_U,delta_U,delta_Q,delta_W,delta_A,decomposition_error,entropy_current,N_eff,N_eff_before,N_eff_after,effective_moves_current,selected_depth,adaptive_cdepth,adaptive_depth_before,adaptive_depth_after,K_expanded,K_old,K_new,old_support_size,new_support_size,common_support_size,common_mass_old,common_mass_new,common_probability_mass_old,common_probability_mass_new,old_only_probability_mass,new_only_probability_mass,boundary_accessibility,nodes_evaluated,static_evaluations,recursive_nodes,maximum_depth_reached,average_K,cache_hits,search_elapsed_time,selected_move,selected_for_deeper_analysis,selected_reply_expected_value,predicted_reply_expected_value,predicted_reply_entropy,reply_realized_value,prediction_error,repetition_count,is_twofold_repetition,is_threefold_repetition,can_claim_threefold_repetition,is_fivefold_repetition,is_checkmate,is_stalemate
1,1,white,White material conservative,Nf3,g1f3,rnbqkbnr/pppppppp/8/8/8/8/PPPPPPPP/RNBQKBNR w KQkq - 0 1,rnbqkbnr/pppppppp/8/8/8/5N2/PPPPPPPP/RNBQKB1R b KQkq - 1 1,0.0,0.20833333333333337,2,2,accurate,0.3,-0.00017159604210577448,0.08290251625123467,0.08307411229334044,0.08307411229334044,-0.00017159604210577448,,,,,,,,,2.7998716570353093,16.442536351808787,16.442536351808787,,16.442536351808787,1,1,1,,5,,,,,,,,,,,,,26,18689,0,1,5.1923076923076925,2416,71.25175272999331,g1f3,True,0.08290251625123467,0.08290251625123467,,-0.015833333333333345,-0.09873584958456802,1,False,False,False,False,False,False
2,2,black,Black positional controller,d5,d7d5,rnbqkbnr/pppppppp/8/8/8/5N2/PPPPPPPP/RNBQKB1R b KQkq - 1 1,rnbqkbnr/ppp1pppp/8/3p4/8/5N2/PPPPPPPP/RNBQKB1R w KQkq - 0 2,0.20833333333333337,-0.015833333333333345,2,2,accurate,0.3,0.08147897344139662,-0.018027839844025284,-0.09950681328542191,-0.09950681328542191,0.08147897344139662,,,,,,,,,1.7195527545716243,5.582031367899866,5.582031367899866,,5.582031367899866,2,2,2,,2,,,,,,,,,,,,,11,7615,5,1,1.8181818181818181,316,22.219601518998388,d7d5,True,-0.018027839844025284,-0.018027839844025284,,0.075,0.09302783984402528,1,False,False,False,False,False,False
3,2,white,White material conservative,e3,e2e3,rnbqkbnr/ppp1pppp/8/3p4/8/5N2/PPPPPPPP/RNBQKB1R w KQkq - 0 2,rnbqkbnr/ppp1pppp/8/3p4/8/4PN2/PPPP1PPP/RNBQKB1R b KQkq - 0 2,-0.015833333333333345,0.075,2,2,accurate,0.3,-0.03531869096163147,0.0778131422488939,0.11313183321052536,0.11313183321052536,-0.03531869096163147,-0.00017159604210577448,-0.03531869096163147,-0.035147094919525695,-0.035147094919525695,0.07710768938396671,-0.07045308277184523,-0.04180170153164718,0.0,2.5925030690281448,13.363178734383382,13.363178734383382,13.363178734383382,13.363178734383382,2,2,2,,5,5,5,20,22,16,0.8219396752076514,0.6843945416808231,0.8219396752076514,0.6843945416808231,0.1780603247923485,0.3156054583191768,,57,51096,28,1,3.3157894736842106,6158,148.3219788060087,e2e3,True,0.0778131422488939,0.0778131422488939,,0.06666666666666667,-0.011146475582227228,1,False,False,False,False,False,False
4,3,black,Black positional controller,c6,c7c6,rnbqkbnr/ppp1pppp/8/3p4/8/4PN2/PPPP1PPP/RNBQKB1R b KQkq - 0 2,rnbqkbnr/pp2pppp/2p5/3p4/8/4PN2/PPPP1PPP/RNBQKB1R w KQkq - 0 3,0.075,0.06666666666666667,2,2,accurate,0.3,0.5302463245604944,0.08529354112553508,-0.44495278343495925,-0.44495278343495925,0.5302463245604944,0.08147897344139662,0.5302463245604944,0.4487673511190977,0.4487673511190977,-0.033545382961117864,0.08571513389906418,0.3965976001811514,0.0,1.8379908028751708,6.283899975111683,6.283899975111683,6.283899975111683,6.283899975111683,2,2,2,,2,2,2,20,28,18,0.45058787285476304,0.3681277077458243,0.45058787285476304,0.3681277077458243,0.549412127145237,0.6318722922541757,,8,6409,2,1,2.875,525,25.109647565011983,c7c6,False,0.08529354112553508,0.08529354112553508,,0.2620833333333332,0.17678979220779814,1,False,False,False,False,False,False
5,3,white,White material conservative,Bd3,f1d3,rnbqkbnr/pp2pppp/2p5/3p4/8/4PN2/PPPP1PPP/RNBQKB1R w KQkq - 0 3,rnbqkbnr/pp2pppp/2p5/3p4/8/3BPN2/PPPP1PPP/RNBQK2R b KQkq - 1 3,0.06666666666666667,0.2620833333333332,2,2,accurate,0.3,0.05068641035662681,0.18889103969071694,0.1382046293340901,0.1382046293340901,0.05068641035662681,-0.03531869096163147,0.05068641035662681,0.08600510131825828,0.08600510131825828,-0.013989617111189368,0.07770820077237085,0.02228651765707678,2.7755575615628914e-17,2.605837634586916,13.542564273358584,13.542564273358584,13.542564273358584,13.542564273358584,2,2,2,,5,5,5,22,28,20,0.9179952427434073,0.7991502500287121,0.9179952427434073,0.7991502500287121,0.08200475725659274,0.20084974997128793,,35,34208,17,1,1.9714285714285715,3627,121.85241895500803,f1d3,True,0.18889103969071694,0.18889103969071694,,0.15458333333333332,-0.034307706357383616,1,False,False,False,False,False,False
6,4,black,Black positional controller,Qd6,d8d6,rnbqkbnr/pp2pppp/2p5/3p4/8/3BPN2/PPPP1PPP/RNBQK2R b KQkq - 1 3,rnb1kbnr/pp2pppp/2pq4/3p4/8/3BPN2/PPPP1PPP/RNBQK2R w KQkq - 2 4,0.2620833333333332,0.15458333333333332,2,2,accurate,0.3,0.17110243437104963,0.064171135689682,-0.10693129868136764,-0.10693129868136764,0.17110243437104963,0.5302463245604944,0.17110243437104963,-0.3591438901894447,-0.3591438901894447,-0.1210414478080617,-0.296979081704018,0.058876639322634886,1.1102230246251565e-16,2.485811293348053,12.010860634481476,12.010860634481476,12.010860634481476,12.010860634481476,2,2,2,,4,2,4,28,29,25,0.8173915840592102,0.5869897961399123,0.8173915840592102,0.5869897961399123,0.1826084159407899,0.41301020386008774,,9,9729,4,1,2.2222222222222223,283,31.62743051799771,d8d6,True,0.064171135689682,0.064171135689682,,0.2379166666666666,0.1737455309769846,1,False,False,False,False,False,False
7,4,white,White material conservative,Nc3,b1c3,rnb1kbnr/pp2pppp/2pq4/3p4/8/3BPN2/PPPP1PPP/RNBQK2R w KQkq - 2 4,rnb1kbnr/pp2pppp/2pq4/3p4/8/2NBPN2/PPPP1PPP/R1BQK2R b KQkq - 3 4,0.15458333333333332,0.2379166666666666,2,2,accurate,0.3,0.04533531711816822,0.2147934211564179,0.16945810403824968,0.16945810403824968,0.04533531711816822,0.05068641035662681,0.04533531711816822,-0.005351093238458594,-0.005351093238458594,0.41884446501142686,-0.4362576205817701,0.012062062331884657,-2.0816681711721685e-17,0.5809914630658283,1.7878101000155036,1.7878101000155036,1.7878101000155036,1.7878101000155036,2,2,2,,1,5,1,28,33,21,0.7451890279277291,0.09018855885508523,0.7451890279277291,0.09018855885508523,0.2548109720722709,0.9098114411449149,,11,14224,1,1,1.0,1253,68.42839529800403,b1c3,False,0.2147934211564179,0.2147934211564179,,0.16291666666666663,-0.051876754489751264,1,False,False,False,False,False,False
8,5,black,Black positional controller,Kd8,e8d8,rnb1kbnr/pp2pppp/2pq4/3p4/8/2NBPN2/PPPP1PPP/R1BQK2R b KQkq - 3 4,rnbk1bnr/pp2pppp/2pq4/3p4/8/2NBPN2/PPPP1PPP/R1BQK2R w KQ - 4 5,0.2379166666666666,0.16291666666666663,2,2,accurate,0.3,0.1756374736029137,0.05254824322821896,-0.12308923037469474,-0.12308923037469474,0.1756374736029137,0.17110243437104963,0.1756374736029137,0.004535039231864074,0.004535039231864074,0.13793644781797965,-0.07461171197896153,-0.05878969660715403,-6.938893903907228e-18,2.9659297578807142,19.4127440051257,19.4127440051257,19.4127440051257,19.4127440051257,1,1,1,,6,4,6,29,39,24,0.3798334575671096,0.8207940057378825,0.3798334575671096,0.8207940057378825,0.6201665424328904,0.17920599426211753,,7,9100,0,1,2.4285714285714284,317,40.32235612999648,e8d8,True,0.05254824322821896,0.05254824322821896,,0.17124999999999996,0.11870175677178099,1,False,False,False,False,False,False
9,5,white,White material conservative,a4,a2a4,rnbk1bnr/pp2pppp/2pq4/3p4/8/2NBPN2/PPPP1PPP/R1BQK2R w KQ - 4 5,rnbk1bnr/pp2pppp/2pq4/3p4/P7/2NBPN2/1PPP1PPP/R1BQK2R b KQ - 0 5,0.16291666666666663,0.17124999999999996,2,2,accurate,0.3,0.051213550542104753,0.17604263938607195,0.1248290888439672,0.1248290888439672,0.051213550542104753,0.04533531711816822,0.051213550542104753,0.005878233423936535,0.005878233423936535,-0.00046683386635999676,0.010875598173210424,-0.004530530882913892,8.673617379884035e-19,0.4092145265290446,1.5056346844250135,1.5056346844250135,1.5056346844250135,1.5056346844250135,2,2,2,,1,1,1,33,36,29,0.971499660997653,0.9900504039123961,0.971499660997653,0.9900504039123961,0.02850033900234718,0.009949596087603808,,11,15591,1,1,1.0,1200,74.68939502000285,a2a4,False,0.17604263938607195,0.17604263938607195,,0.11749999999999998,-0.058542639386071973,1,False,False,False,False,False,False
10,6,black,Black positional controller,Bg4,c8g4,rnbk1bnr/pp2pppp/2pq4/3p4/P7/2NBPN2/1PPP1PPP/R1BQK2R b KQ - 0 5,rn1k1bnr/pp2pppp/2pq4/3p4/P5b1/2NBPN2/1PPP1PPP/R1BQK2R w KQ - 1 6,0.17124999999999996,0.11749999999999998,2,2,accurate,0.3,0.09933042819580924,0.005193764459442245,-0.094136663736367,-0.094136663736367,0.09933042819580924,0.1756374736029137,0.09933042819580924,-0.07630704540710447,-0.07630704540710447,-0.026694117865936482,-0.07893755497135567,0.029324627430187673,1.3877787807814457e-17,2.963095032754166,19.3577921354399,19.3577921354399,19.3577921354399,19.3577921354399,1,1,1,,6,6,6,39,39,36,0.9978158547118846,0.8995615375523355,0.9978158547118846,0.8995615375523355,0.0021841452881153664,0.10043846244766452,,7,9680,0,1,2.4285714285714284,408,43.66103210199799,c8g4,True,0.005193764459442245,0.005193764459442245,,0.13416666666666666,0.1289729022072244,1,False,False,False,False,False,False
11,6,white,White material conservative,h3,h2h3,rn1k1bnr/pp2pppp/2pq4/3p4/P5b1/2NBPN2/1PPP1PPP/R1BQK2R w KQ - 1 6,rn1k1bnr/pp2pppp/2pq4/3p4/P5b1/2NBPN1P/1PPP1PP1/R1BQK2R b KQ - 0 6,0.11749999999999998,0.13416666666666666,2,2,accurate,0.3,-0.006705269650778872,0.2088695742278097,0.21557484387858855,0.21557484387858855,-0.006705269650778872,0.051213550542104753,-0.006705269650778872,-0.05791882019288362,-0.05791882019288362,0.0497265896019335,-0.10626677348957506,-0.0013786363052420802,1.3877787807814457e-17,0.2885254931988732,1.3344583687018499,1.3344583687018499,1.3344583687018499,1.3344583687018499,2,2,2,,1,1,1,36,36,32,0.9864720599791968,0.991759647465141,0.9864720599791968,0.991759647465141,0.01352794002080307,0.008240352534859073,,5,7453,1,1,1.0,149,32.27244063800026,h2h3,False,0.2088695742278097,0.2088695742278097,,0.1795833333333333,-0.0292862408944764,1,False,False,False,False,False,False
12,7,black,Black positional controller,Bc8,g4c8,rn1k1bnr/pp2pppp/2pq4/3p4/P5b1/2NBPN1P/1PPP1PP1/R1BQK2R b KQ - 0 6,rnbk1bnr/pp2pppp/2pq4/3p4/P7/2NBPN1P/1PPP1PP1/R1BQK2R w KQ - 1 7,0.13416666666666666,0.1795833333333333,2,2,accurate,0.3,0.1967810558390913,0.06096765410579551,-0.1358134017332958,-0.1358134017332958,0.1967810558390913,0.09933042819580924,0.1967810558390913,0.09745062764328206,0.09745062764328206,-1.393226590384193,1.2988487642200743,0.19182845380740066,1.3877787807814457e-17,0.685675271091678,1.9851118717031053,1.9851118717031053,1.9851118717031053,1.9851118717031053,2,2,2,,1,6,1,39,42,34,0.8408804731883589,9.273988852972904e-07,0.8408804731883589,9.273988852972904e-07,0.1591195268116411,0.9999990726011146,,4,6371,1,1,1.5,115,27.1146363660082,g4c8,False,0.06096765410579551,0.06096765410579551,,0.18791666666666662,0.1269490125608711,1,False,False,False,False,False,False
13,7,white,White material conservative,b3,b2b3,rnbk1bnr/pp2pppp/2pq4/3p4/P7/2NBPN1P/1PPP1PP1/R1BQK2R w KQ - 1 7,rnbk1bnr/pp2pppp/2pq4/3p4/P7/1PNBPN1P/2PP1PP1/R1BQK2R b KQ - 0 7,0.1795833333333333,0.18791666666666662,2,2,accurate,0.3,0.05977215921498678,0.1970697215032628,0.13729756228827603,0.13729756228827603,0.05977215921498678,-0.006705269650778872,0.05977215921498678,0.06647742886576564,0.06647742886576564,-0.04581304523059178,0.11201780057476934,0.00027267352158808866,-1.3877787807814457e-17,0.3972199252428528,1.4876830731376245,1.4876830731376245,1.4876830731376245,1.4876830731376245,2,2,2,,1,1,1,36,38,34,0.9904839079022664,0.988523995346449,0.9904839079022664,0.988523995346449,0.00951609209773366,0.011476004653551112,,11,16510,1,1,1.0,1282,79.72764454199933,b2b3,False,0.1970697215032628,0.1970697215032628,,0.1379166666666667,-0.05915305483659611,1,False,False,False,False,False,False
14,8,black,Black positional controller,e5,e7e5,rnbk1bnr/pp2pppp/2pq4/3p4/P7/1PNBPN1P/2PP1PP1/R1BQK2R b KQ - 0 7,rnbk1bnr/pp3ppp/2pq4/3pp3/P7/1PNBPN1P/2PP1PP1/R1BQK2R w KQ - 0 8,0.18791666666666662,0.1379166666666667,2,2,accurate,0.3,0.1375857808653141,0.04892292558666717,-0.08866285527864692,-0.08866285527864692,0.1375857808653141,0.1967810558390913,0.1375857808653141,-0.05919527497377722,-0.05919527497377722,1.599964090129467,-1.4681880042296067,-0.19097136087363736,-8.326672684688674e-17,2.950231496488319,19.110377201415215,19.110377201415215,19.110377201415215,19.110377201415215,1,1,1,,6,1,6,42,39,34,9.273988852972904e-07,0.9581171277443793,9.273988852972904e-07,0.9581171277443793,0.9999990726011146,0.041882872255620686,,7,10262,0,1,3.142857142857143,363,46.03233328500937,e7e5,True,0.04892292558666717,0.04892292558666717,,0.22041666666666665,0.17149374107999948,1,False,False,False,False,False,False
15,8,white,White material conservative,Ba3,c1a3,rnbk1bnr/pp3ppp/2pq4/3pp3/P7/1PNBPN1P/2PP1PP1/R1BQK2R w KQ - 0 8,rnbk1bnr/pp3ppp/2pq4/3pp3/P7/BPNBPN1P/2PP1PP1/R2QK2R b KQ - 1 8,0.1379166666666667,0.22041666666666665,2,2,accurate,0.3,-0.008963360184958276,0.18333333333326673,0.192296693518225,0.192296693518225,-0.008963360184958276,0.05977215921498678,-0.008963360184958276,-0.06873551939994506,-0.06873551939994506,0.004610155372766715,-0.07446591399815912,0.001120239225447336,1.3877787807814457e-17,0.34129169369152745,1.4067635250663357,1.4067635250663357,1.4067635250663357,1.4067635250663357,2,2,2,,1,1,1,38,39,36,0.9948965279688065,0.9870509168673015,0.9948965279688065,0.9870509168673015,0.005103472031193608,0.012949083132698455,,4,6236,1,1,1.0,117,27.038551044999622,c1a3,False,0.18333333333326673,0.18333333333326673,,-2.745416666666667,-2.9287499999999334,1,False,False,False,False,False,False
16,9,black,Black positional controller,Qxa3,d6a3,rnbk1bnr/pp3ppp/2pq4/3pp3/P7/BPNBPN1P/2PP1PP1/R2QK2R b KQ - 1 8,rnbk1bnr/pp3ppp/2p5/3pp3/P7/qPNBPN1P/2PP1PP1/R2QK2R w KQ - 0 9,0.22041666666666665,-2.745416666666667,2,2,accurate,0.3,0.2457213756548677,-1.698575555529394,-1.9442969311842617,-1.9442969311842617,0.2457213756548677,0.1375857808653141,0.2457213756548677,0.10813559478955362,0.10813559478955362,-2.9952682329939857,3.1128186848332846,-0.00941485704974519,-9.71445146547012e-17,5.617950667948854e-08,1.0000000561795082,1.0000000561795082,1.0000000561795082,1.0000000561795082,2,2,2,,1,6,1,39,38,33,0.844042334712902,0.9999999999999999,0.844042334712902,0.9999999999999999,0.15595766528709795,8.949923188375869e-18,,3,4243,1,1,1.0,68,13.903969530991162,d6a3,True,-1.698575555529394,-1.698575555529394,,6.32125,8.019825555529394,1,False,False,False,False,False,False
17,9,white,White material conservative,Rxa3,a1a3,rnbk1bnr/pp3ppp/2p5/3pp3/P7/qPNBPN1P/2PP1PP1/R2QK2R w KQ - 0 9,rnbk1bnr/pp3ppp/2p5/3pp3/P7/RPNBPN1P/2PP1PP1/3QK2R b K - 0 9,-2.745416666666667,6.32125,2,2,accurate,0.3,-1.874305411140094,2.214375129668126,4.08868054080822,4.08868054080822,-1.874305411140094,-0.008963360184958276,-1.874305411140094,-1.8653420509551357,-1.8653420509551357,-0.387299229385841,-1.4743125495486724,-0.0037302720206221166,-2.220446049250313e-16,0.2723642427298291,1.313065188666451,1.313065188666451,1.313065188666451,1.313065188666451,2,2,2,,1,1,1,39,40,37,0.9870511765830753,0.9994343268655904,0.9870511765830753,0.9994343268655904,0.012948823416924687,0.000565673134409463,,3,4171,1,1,1.0,80,13.942436527999234,a1a3,True,2.214375129668126,2.214375129668126,,1.2879166666666666,-0.9264584630014594,1,False,False,False,False,False,False
18,10,black,Black positional controller,Bxa3,f8a3,rnbk1bnr/pp3ppp/2p5/3pp3/P7/RPNBPN1P/2PP1PP1/3QK2R b K - 0 9,rnbk2nr/pp3ppp/2p5/3pp3/P7/bPNBPN1P/2PP1PP1/3QK2R w K - 0 10,6.32125,1.2879166666666666,2,2,accurate,0.3,2.336432414358505,2.3364318929020707,-5.214564344768746e-07,-5.214564344768746e-07,2.336432414358505,0.2457213756548677,2.336432414358505,2.0907110387036374,2.0907110387036374,-3.8796560002884046,3.6339351381340954,2.336431900857946,4.440892098500626e-16,2.394443645795729e-06,1.0000023944465124,1.0000023944465124,1.0000023944465124,1.0000023944465124,2,2,2,,1,1,1,38,32,28,0.9999999974523412,8.076366449257428e-08,0.9999999974523412,8.076366449257428e-08,2.5476586726444827e-09,0.9999999192363356,,3,3823,1,1,1.0,70,11.96255652999389,f8a3,True,2.3364318929020707,2.3364318929020707,,2.3391666666666664,0.0027347737645957437,1,False,False,False,False,False,False
19,10,white,White material conservative,Nxe5,f3e5,rnbk2nr/pp3ppp/2p5/3pp3/P7/bPNBPN1P/2PP1PP1/3QK2R w K - 0 10,rnbk2nr/pp3ppp/2p5/3pN3/P7/bPNBP2P/2PP1PP1/3QK2R b K - 0 10,1.2879166666666666,2.3391666666666664,2,2,accurate,0.3,2.2143751121710364,2.237997587436513,0.02362247526547634,0.02362247526547634,2.2143751121710364,-1.874305411140094,2.2143751121710364,4.0886805233111305,4.0886805233111305,0.022605737021996173,4.065740957099739,0.00033382918939600946,0.0,0.21781668597602682,1.2433591215630284,1.2433591215630284,1.2433591215630284,1.2433591215630284,2,2,2,,1,1,1,40,37,36,0.9999899356548884,0.9997244898777526,0.9999899356548884,0.9997244898777526,1.0064345111471402e-05,0.0002755101222473581,,5,6296,1,1,1.0,165,22.92951543700474,f3e5,False,2.237997587436513,2.237997587436513,,2.2558333333333334,0.017835745896820576,1,False,False,False,False,False,False
20,11,black,Black positional controller,Nh6,g8h6,rnbk2nr/pp3ppp/2p5/3pN3/P7/bPNBP2P/2PP1PP1/3QK2R b K - 0 10,rnbk3r/pp3ppp/2p4n/3pN3/P7/bPNBP2P/2PP1PP1/3QK2R w K - 1 11,2.3391666666666664,2.2558333333333334,2,2,accurate,0.3,2.300091932793732,2.1704114606366267,-0.12968047215710543,-0.12968047215710543,2.300091932793732,2.336432414358505,2.300091932793732,-0.036340481564772986,-0.036340481564772986,4.47001711667563,-2.1721476188556075,-2.3342099793847955,-4.440892098500626e-16,1.597597609977802,4.941147590438469,4.941147590438469,4.941147590438469,4.941147590438469,2,2,2,,2,1,2,32,32,25,6.793467184426178e-08,0.9991776961719212,6.793467184426178e-08,0.9991776961719212,0.9999999320653282,0.0008223038280787225,,6,4498,2,1,1.5,82,13.228975646998151,g8h6,False,2.1704114606366267,2.1704114606366267,,2.3225,0.15208853936337308,1,False,False,False,False,False,False
21,11,white,White material conservative,Kf1,e1f1,rnbk3r/pp3ppp/2p4n/3pN3/P7/bPNBP2P/2PP1PP1/3QK2R w K - 1 11,rnbk3r/pp3ppp/2p4n/3pN3/P7/bPNBP2P/2PP1PP1/3Q1K1R b - - 2 11,2.2558333333333334,2.3225,2,2,accurate,0.3,2.1440152651454336,2.3013226294057727,0.1573073642603391,0.1573073642603391,2.1440152651454336,2.2143751121710364,2.1440152651454336,-0.07035984702560283,-0.07035984702560283,1.540542217318507,0.5054785263257148,-2.1163805906698245,0.0,0.4455528740466763,1.5613531889032886,1.5613531889032886,1.5613531889032886,1.5613531889032886,2,2,2,,1,1,1,37,43,31,0.05018591948058919,0.982406109756168,0.05018591948058919,0.982406109756168,0.9498140805194109,0.017593890243831994,,10,13544,1,1,1.6,1294,58.91777679300867,e1f1,False,2.3013226294057727,2.3013226294057727,,2.2475,-0.05382262940577265,1,False,False,False,False,False,False
22,12,black,Black positional controller,Be7,a3e7,rnbk3r/pp3ppp/2p4n/3pN3/P7/bPNBP2P/2PP1PP1/3Q1K1R b - - 2 11,rnbk3r/pp2bppp/2p4n/3pN3/P7/1PNBP2P/2PP1PP1/3Q1K1R w - - 3 12,2.3225,2.2475,2,2,accurate,0.3,2.40503838634545,2.2432510515678548,-0.16178733477759533,-0.16178733477759533,2.40503838634545,2.300091932793732,2.40503838634545,0.10494645355171794,0.10494645355171794,0.9688394732625322,-0.3261980674556984,-0.537694952255116,2.220446049250313e-16,2.810211564854002,16.613432665463232,16.613432665463232,16.613432665463232,16.613432665463232,1,1,1,,5,2,5,32,33,27,0.7516869014810398,0.999460108857661,0.7516869014810398,0.999460108857661,0.24831309851896016,0.0005398911423389038,,12,11674,0,1,1.5,453,46.094793429991114,a3e7,False,2.2432510515678548,2.2432510515678548,,2.305833333333333,0.06258228176547842,1,False,False,False,False,False,False
23,12,white,White material conservative,f4,f2f4,rnbk3r/pp2bppp/2p4n/3pN3/P7/1PNBP2P/2PP1PP1/3Q1K1R w - - 3 12,rnbk3r/pp2bppp/2p4n/3pN3/P4P2/1PNBP2P/2PP2P1/3Q1K1R b - - 0 12,2.2475,2.305833333333333,2,2,accurate,0.3,2.2217149219788483,2.2932564104090223,0.07154148843017394,0.07154148843017394,2.2217149219788483,2.1440152651454336,2.2217149219788483,0.07769965683341473,0.07769965683341473,1.4873923628585513,0.24630775120388784,-1.6560004572290241,-2.220446049250313e-16,3.1130333845777813,22.48915930817468,22.48915930817468,22.48915930817468,22.48915930817468,1,1,1,,7,1,7,43,42,38,0.06695177093347938,0.8461973633915368,0.06695177093347938,0.8461973633915368,0.9330482290665206,0.15380263660846305,,8,10042,0,1,4.375,307,36.96914112700324,f2f4,True,2.2932564104090223,2.2932564104090223,,2.2475,-0.04575641040902223,1,False,False,False,False,False,False
24,13,black,Black positional controller,Nd7,b8d7,rnbk3r/pp2bppp/2p4n/3pN3/P4P2/1PNBP2P/2PP2P1/3Q1K1R b - - 0 12,r1bk3r/pp1nbppp/2p4n/3pN3/P4P2/1PNBP2P/2PP2P1/3Q1K1R w - - 1 13,2.305833333333333,2.2475,2,2,accurate,0.3,2.2916681724459407,2.224220894715507,-0.0674472777304338,-0.0674472777304338,2.2916681724459407,2.40503838634545,2.2916681724459407,-0.11337021389950941,-0.11337021389950941,-1.5962679644701734,-0.013903924301167143,1.4968016748718314,-2.220446049250313e-16,0.000545417949739621,1.0005455667171552,1.0005455667171552,1.0005455667171552,1.0005455667171552,2,2,2,,1,5,1,33,33,25,0.6528839264930094,3.243623091875358e-05,0.6528839264930094,3.243623091875358e-05,0.3471160735069905,0.9999675637690811,,9,9303,1,1,1.0,539,38.953269962003105,b8d7,False,2.224220894715507,2.224220894715507,,2.2558333333333334,0.03161243861782648,1,False,False,False,False,False,False
25,13,white,White material conservative,h4,h3h4,r1bk3r/pp1nbppp/2p4n/3pN3/P4P2/1PNBP2P/2PP2P1/3Q1K1R w - - 1 13,r1bk3r/pp1nbppp/2p4n/3pN3/P4P1P/1PNBP3/2PP2P1/3Q1K1R b - - 0 13,2.2475,2.2558333333333334,2,2,accurate,0.3,2.1847649344823594,2.297461887817155,0.11269695333479568,0.11269695333479568,2.1847649344823594,2.2217149219788483,2.1847649344823594,-0.03694998749648892,-0.03694998749648892,0.20037085614600322,-0.022297272337639312,-0.2150235713048528,-2.7755575615628914e-17,3.09332683045969,22.05031374213076,22.05031374213076,22.05031374213076,22.05031374213076,1,1,1,,7,7,7,42,42,40,0.8936067409137073,0.9846429533632353,0.8936067409137073,0.9846429533632353,0.10639325908629259,0.015357046636764689,,14,18491,0,1,3.5714285714285716,879,81.4434398549929,h3h4,False,2.297461887817155,2.297461887817155,,-0.8658333333333335,-3.163295221150489,1,False,False,False,False,False,False
26,14,black,Black positional controller,Nxe5,d7e5,r1bk3r/pp1nbppp/2p4n/3pN3/P4P1P/1PNBP3/2PP2P1/3Q1K1R b - - 0 13,r1bk3r/pp2bppp/2p4n/3pn3/P4P1P/1PNBP3/2PP2P1/3Q1K1R w - - 0 14,2.2558333333333334,-0.8658333333333335,2,2,accurate,0.3,2.311836702368589,2.035529266376097,-0.27630743599249197,-0.27630743599249197,2.311836702368589,2.2916681724459407,2.311836702368589,0.020168529922648393,0.020168529922648393,-1.5193269578479787,1.0330642376283765,0.5064312501422507,-1.1102230246251565e-16,2.7586937404744516,15.77921772678583,15.77921772678583,15.77921772678583,15.77921772678583,1,1,1,,5,1,5,33,33,26,0.9999818199642858,0.7765641198785955,0.9999818199642858,0.7765641198785955,1.8180035714063965e-05,0.22343588012140442,,11,12237,0,1,1.7272727272727273,783,58.3459800779965,d7e5,True,2.035529266376097,2.035529266376097,,2.1991666666666667,0.1636374002905696,1,False,False,False,False,False,False
27,14,white,White material conservative,fxe5,f4e5,r1bk3r/pp2bppp/2p4n/3pn3/P4P1P/1PNBP3/2PP2P1/3Q1K1R w - - 0 14,r1bk3r/pp2bppp/2p4n/3pP3/P6P/1PNBP3/2PP2P1/3Q1K1R b - - 0 14,-0.8658333333333335,2.1991666666666667,2,2,accurate,0.3,2.0535276196509256,2.0535281827425926,5.630916670718022e-07,5.630916670718022e-07,2.0535276196509256,2.1847649344823594,2.0535276196509256,-0.13123731483143386,-0.13123731483143386,-0.24530137419350465,-1.7446603685334727,1.8587244278955435,0.0,3.587313015808884e-06,1.0000035873194502,1.0000035873194502,1.0000035873194502,1.0000035873194502,2,2,2,,1,7,1,42,37,34,0.9140622436139888,1.7221445730664316e-07,0.9140622436139888,1.7221445730664316e-07,0.08593775638601113,0.9999998277855427,,5,6163,2,1,1.4,144,19.514472875001957,f4e5,True,2.0535281827425926,2.0535281827425926,,2.018333333333333,-0.03519484940925954,1,False,False,False,False,False,False
28,15,black,Black positional controller,Bg4,c8g4,r1bk3r/pp2bppp/2p4n/3pP3/P6P/1PNBP3/2PP2P1/3Q1K1R b - - 0 14,r2k3r/pp2bppp/2p4n/3pP3/P5bP/1PNBP3/2PP2P1/3Q1K1R w - - 1 15,2.1991666666666667,2.018333333333333,2,2,accurate,0.3,2.0355543895059034,2.011750674827871,-0.02380371467803233,-0.02380371467803233,2.0355543895059034,2.311836702368589,2.0355543895059034,-0.2762823128626857,-0.2762823128626857,-0.3033096297499841,-0.6831507616684989,0.7101780785557971,2.220446049250313e-16,0.7021361003826901,2.0180588829737216,2.0180588829737216,2.0180588829737216,2.0180588829737216,2,2,2,,1,5,1,33,33,27,0.8548315867562916,0.4826092171376339,0.8548315867562916,0.4826092171376339,0.14516841324370838,0.5173907828623661,,5,6004,1,1,1.4,189,20.646964800995192,c8g4,False,2.011750674827871,2.011750674827871,,1.9729166666666667,-0.038834008161204414,1,False,False,False,False,False,False
29,15,white,White material conservative,Be2,d3e2,r2k3r/pp2bppp/2p4n/3pP3/P5bP/1PNBP3/2PP2P1/3Q1K1R w - - 1 15,r2k3r/pp2bppp/2p4n/3pP3/P5bP/1PN1P3/2PPB1P1/3Q1K1R b - - 2 15,2.018333333333333,1.9729166666666667,2,2,accurate,0.3,2.022802406564311,2.0431815172400456,0.020379110675734502,0.020379110675734502,2.022802406564311,2.0535276196509256,2.022802406564311,-0.030725213086614467,-0.030725213086614467,0.5395675195728719,1.4832350496737425,-2.0535277823332287,0.0,1.758502613330737,5.80374044110825,5.80374044110825,5.80374044110825,5.80374044110825,2,2,2,,2,1,2,37,33,32,1.6784952736208667e-07,1.0,1.6784952736208667e-07,1.0,0.9999998321504727,2.9932622217957107e-29,,7,6405,2,1,1.1428571428571428,163,17.190976575002423,d3e2,False,2.0431815172400456,2.0431815172400456,,2.043333333333333,0.00015181609328740464,1,False,False,False,False,False,False
30,16,black,Black positional controller,f5,f7f5,r2k3r/pp2bppp/2p4n/3pP3/P5bP/1PN1P3/2PPB1P1/3Q1K1R b - - 2 15,r2k3r/pp2b1pp/2p4n/3pPp2/P5bP/1PN1P3/2PPB1P1/3Q1K1R w - f6 0 16,1.9729166666666667,2.043333333333333,2,2,accurate,0.3,2.0232990318809447,2.014802269631033,-0.008496762249911693,-0.008496762249911693,2.0232990318809447,2.0355543895059034,2.0232990318809447,-0.012255357624958663,-0.012255357624958663,1.4911870973440904,-0.06040464327733196,-1.4430378116917173,2.220446049250313e-16,0.9581482319305826,2.60686469233629,2.60686469233629,2.60686469233629,2.60686469233629,2,2,2,,1,1,1,33,37,27,0.0005655053055619922,0.7110525373272869,0.0005655053055619922,0.7110525373272869,0.999434494694438,0.2889474626727131,,4,4001,1,1,3.0,100,10.129023105007946,f7f5,False,2.014802269631033,2.014802269631033,,2.08125,0.06644773036896678,1,False,False,False,False,False,False
31,16,white,White material conservative,d4,d2d4,r2k3r/pp2b1pp/2p4n/3pPp2/P5bP/1PN1P3/2PPB1P1/3Q1K1R w - f6 0 16,r2k3r/pp2b1pp/2p4n/3pPp2/P2P2bP/1PN1P3/2P1B1P1/3Q1K1R b - - 0 16,2.043333333333333,2.08125,2,2,accurate,0.3,2.0244010576035762,2.1092034467397696,0.08480238913619331,0.08480238913619331,2.0244010576035762,2.022802406564311,2.0244010576035762,0.0015986510392651532,0.0015986510392651532,-3.2557849503858436,3.5697210538362167,-0.3123374524111085,4.996003610813204e-16,1.7610474430177083,5.818528781000479,5.818528781000479,5.818528781000479,5.818528781000479,2,2,2,,2,2,2,33,30,21,0.7683898481108037,0.9243616073068541,0.7683898481108037,0.9243616073068541,0.23161015188919631,0.07563839269314593,,10,7369,2,1,1.2,371,23.8889822219935,d2d4,False,2.1092034467397696,2.1092034467397696,,1.9145833333333333,-0.19462011340643626,1,False,False,False,False,False,False
32,17,black,Black positional controller,Nf7,h6f7,r2k3r/pp2b1pp/2p4n/3pPp2/P2P2bP/1PN1P3/2P1B1P1/3Q1K1R b - - 0 16,r2k3r/pp2bnpp/2p5/3pPp2/P2P2bP/1PN1P3/2P1B1P1/3Q1K1R w - - 1 17,2.08125,1.9145833333333333,2,2,accurate,0.3,2.1795088277373926,1.9050674730474593,-0.27444135468993336,-0.27444135468993336,2.1795088277373926,2.0232990318809447,2.1795088277373926,0.1562097958564479,0.1562097958564479,3.6690343898330555,-1.4929845175790182,-2.019840076397589,-4.440892098500626e-16,2.829673699069854,16.939932406925173,16.939932406925173,16.939932406925173,16.939932406925173,1,1,1,,6,1,6,37,31,29,0.0007078892702110953,0.9989414691088537,0.0007078892702110953,0.9989414691088537,0.999292110729789,0.001058530891146324,,7,6464,0,1,2.142857142857143,236,21.005845977997524,h6f7,True,1.9050674730474593,1.9050674730474593,,4.9695833333333335,3.064515860285874,1,False,False,False,False,False,False
33,17,white,White material conservative,Bxg4,e2g4,r2k3r/pp2bnpp/2p5/3pPp2/P2P2bP/1PN1P3/2P1B1P1/3Q1K1R w - - 1 17,r2k3r/pp2bnpp/2p5/3pPp2/P2P2BP/1PN1P3/2P3P1/3Q1K1R b - - 0 17,1.9145833333333333,4.9695833333333335,2,2,accurate,0.3,2.028937969066824,3.0195906732032145,0.9906527041363904,0.9906527041363904,2.028937969066824,2.0244010576035762,2.028937969066824,0.004536911463247861,0.004536911463247861,0.0527984900725274,-0.0016050465240020951,-0.04665653208527751,6.938893903907228e-17,1.5946543752798625,4.926626014089259,4.926626014089259,4.926626014089259,4.926626014089259,2,2,2,,2,2,2,30,29,27,0.9441603754310969,0.9679833718378711,0.9441603754310969,0.9679833718378711,0.05583962456890314,0.03201662816212899,,5,3170,2,1,1.2,76,7.079256669996539,e2g4,True,3.0195906732032145,3.0195906732032145,,1.9037499999999998,-1.1158406732032147,1,False,False,False,False,False,False
34,18,black,Black positional controller,fxg4,f5g4,r2k3r/pp2bnpp/2p5/3pPp2/P2P2BP/1PN1P3/2P3P1/3Q1K1R b - - 0 17,r2k3r/pp2bnpp/2p5/3pP3/P2P2pP/1PN1P3/2P3P1/3Q1K1R w - - 0 18,4.9695833333333335,1.9037499999999998,2,2,accurate,0.3,3.058387465439045,3.0573409396705613,-0.0010465257684835194,-0.0010465257684835194,3.058387465439045,2.1795088277373926,3.058387465439045,0.8788786377016522,0.8788786377016522,-4.141545994366275,1.9662708235055664,3.054153808562361,0.0,0.0036934400912098176,1.0037002692461667,1.0037002692461667,1.0037002692461667,1.0037002692461667,2,2,2,,1,6,1,31,32,25,0.9988743409489268,0.0003606510376091651,0.9988743409489268,0.0003606510376091651,0.0011256590510732606,0.9996393489623907,,3,3040,1,1,1.6666666666666667,62,6.725158422996174,f5g4,True,3.0573409396705613,3.0573409396705613,,3.0108333333333333,-0.04650760633722806,1,False,False,False,False,False,False
35,18,white,White material conservative,Qxg4,d1g4,r2k3r/pp2bnpp/2p5/3pP3/P2P2pP/1PN1P3/2P3P1/3Q1K1R w - - 0 18,r2k3r/pp2bnpp/2p5/3pP3/P2P2QP/1PN1P3/2P3P1/5K1R b - - 0 18,1.9037499999999998,3.0108333333333333,2,2,accurate,0.3,3.019018056940192,3.019131447121433,0.00011339018124090217,0.00011339018124090217,3.019018056940192,2.028937969066824,3.019018056940192,0.990080087873368,0.990080087873368,-1.9508500443008063,-0.021133893769807052,2.9620640259439814,0.0,0.0012932514774692586,1.0012940880877716,1.0012940880877716,1.0012940880877716,1.0012940880877716,2,2,2,,1,2,1,29,28,23,0.974514138297633,0.00010183837297102816,0.974514138297633,0.00010183837297102816,0.02548586170236707,0.9998981616270289,,5,4657,2,1,1.0,260,11.982609355007298,d1g4,True,3.019131447121433,3.019131447121433,,2.9941666666666666,-0.024964780454766355,1,False,False,False,False,False,False
36,19,black,Black positional controller,h5,h7h5,r2k3r/pp2bnpp/2p5/3pP3/P2P2QP/1PN1P3/2P3P1/5K1R b - - 0 18,r2k3r/pp2bnp1/2p5/3pP2p/P2P2QP/1PN1P3/2P3P1/5K1R w - - 0 19,3.0108333333333333,2.9941666666666666,2,2,accurate,0.3,3.0573412879830264,3.010976208700233,-0.04636507928279343,-0.04636507928279343,3.0573412879830264,3.058387465439045,3.0573412879830264,-0.0010461774560184267,-0.0010461774560184267,4.507445075712635,-1.452371147843996,-3.056120105324658,4.440892098500626e-16,1.2290112112320846,3.417848334874205,3.417848334874205,3.417848334874205,3.417848334874205,2,2,2,,2,1,2,32,28,28,0.00039972763422813063,1.0,0.00039972763422813063,1.0,0.9996002723657718,0,,6,4324,2,1,1.5,105,9.44514701499429,h7h5,False,3.010976208700233,3.010976208700233,,3.8991666666666664,0.8881904579664335,1,False,False,False,False,False,False
37,19,white,White material conservative,Qxg7,g4g7,r2k3r/pp2bnp1/2p5/3pP2p/P2P2QP/1PN1P3/2P3P1/5K1R w - - 0 19,r2k3r/pp2bnQ1/2p5/3pP2p/P2P3P/1PN1P3/2P3P1/5K1R b - - 0 19,2.9941666666666666,3.8991666666666664,2,2,accurate,0.3,3.150242882091438,3.958824824786914,0.8085819426954761,0.8085819426954761,3.150242882091438,3.019018056940192,3.150242882091438,0.131224825151246,0.131224825151246,0.00019076919335524084,-0.0003672524328171884,0.13140130839070796,0.0,1.0470172222219472,2.849140079389488,2.849140079389488,2.849140079389488,2.849140079389488,2,2,2,,1,1,1,28,34,18,8.896023735107548e-05,5.566587437552778e-38,8.896023735107548e-05,5.566587437552778e-38,0.999911039762649,1.0,,4,3125,1,1,1.0,80,6.791541052996763,g4g7,False,3.958824824786914,3.958824824786914,,3.915833333333333,-0.042991491453581165,1,False,False,False,False,False,False
38,20,black,Black positional controller,Rf8,h8f8,r2k3r/pp2bnQ1/2p5/3pP2p/P2P3P/1PN1P3/2P3P1/5K1R b - - 0 19,r2k1r2/pp2bnQ1/2p5/3pP2p/P2P3P/1PN1P3/2P3P1/5K1R w - - 1 20,3.8991666666666664,3.915833333333333,2,2,accurate,0.3,3.9674487800542564,3.9309890082288352,-0.03645977182542115,-0.03645977182542115,3.9674487800542564,3.0573412879830264,3.9674487800542564,0.91010749207123,0.91010749207123,1.32612378693485,1.497229939237518,-1.9132462341011378,2.220446049250313e-16,0.5185879215736978,1.6796541709057886,1.6796541709057886,1.6796541709057886,1.6796541709057886,2,2,2,,1,2,1,28,28,24,0.3743153263493957,0.999999997179732,0.3743153263493957,0.999999997179732,0.6256846736506043,2.820268049578826e-09,,4,1219,1,1,1.0,17,1.4866951369913295,h8f8,False,3.9309890082288352,3.9309890082288352,,4.002916666666667,0.07192765843783144,1,False,False,False,False,False,False
39,20,white,White material conservative,Ke2,f1e2,r2k1r2/pp2bnQ1/2p5/3pP2p/P2P3P/1PN1P3/2P3P1/5K1R w - - 1 20,r2k1r2/pp2bnQ1/2p5/3pP2p/P2P3P/1PN1P3/2P1K1P1/7R b - - 2 20,3.915833333333333,4.002916666666667,2,2,accurate,0.3,3.652051591533089,3.9958495780745755,0.34379798654148663,0.34379798654148663,3.652051591533089,3.150242882091438,3.652051591533089,0.5018087094416508,0.5018087094416508,-1.305950621109235,4.95798188219211,-3.1502225516412246,8.881784197001252e-16,0.43257385037170576,1.541219290707483,1.541219290707483,1.541219290707483,1.541219290707483,2,2,2,,1,1,1,34,31,19,5.907047662687981e-38,0.999992138692263,5.907047662687981e-38,0.999992138692263,1.0,7.861307736880103e-06,,4,3003,1,1,1.5,84,6.040473593995557,f1e2,False,3.9958495780745755,3.9958495780745755,,3.995833333333333,-1.6244741242399385e-05,1,False,False,False,False,False,False
40,21,black,Black positional controller,Nh8,f7h8,r2k1r2/pp2bnQ1/2p5/3pP2p/P2P3P/1PN1P3/2P1K1P1/7R b - - 2 20,r2k1r1n/pp2b1Q1/2p5/3pP2p/P2P3P/1PN1P3/2P1K1P1/7R w - - 3 21,4.002916666666667,3.995833333333333,2,2,accurate,0.3,4.007204892170253,4.002506824871897,-0.004698067298355646,-0.004698067298355646,4.007204892170253,3.9674487800542564,4.007204892170253,0.03975611211599661,0.03975611211599661,-0.8706486604628018,0.00850442115645283,0.9019003514223454,2.220446049250313e-16,0.015928701390470253,1.0160562394264017,1.0160562394264017,1.0160562394264017,1.0160562394264017,2,2,2,,1,1,1,28,26,22,0.21352338745625685,0.002242480939459414,0.21352338745625685,0.002242480939459414,0.7864766125437432,0.9977575190605404,,4,1382,1,1,1.0,14,1.6250178310001502,f7h8,False,4.002506824871897,4.002506824871897,,4.057916666666666,0.055409841794769044,1,False,False,False,False,False,False
41,21,white,White material conservative,Rf1,h1f1,r2k1r1n/pp2b1Q1/2p5/3pP2p/P2P3P/1PN1P3/2P1K1P1/7R w - - 3 21,r2k1r1n/pp2b1Q1/2p5/3pP2p/P2P3P/1PN1P3/2P1K1P1/5R2 b - - 4 21,3.995833333333333,4.057916666666666,2,2,accurate,0.3,3.96285140054434,4.21541913545994,0.2525677349155999,0.2525677349155999,3.96285140054434,3.652051591533089,3.96285140054434,0.31079980901125115,0.31079980901125115,-0.1504019980941081,0.4510249591574501,0.010176847947908962,1.6653345369377348e-16,1.3255760499716804,3.764353186096689,3.764353186096689,3.764353186096689,3.764353186096689,2,2,2,,2,1,2,31,37,26,0.8994073403193555,0.8966048708056683,0.8994073403193555,0.8966048708056683,0.10059265968064435,0.1033951291943317,,6,4459,2,1,1.8333333333333333,143,7.042179155003396,h1f1,False,4.21541913545994,4.21541913545994,,-1.0812500000000003,-5.29666913545994,1,False,False,False,False,False,False
42,22,black,Black positional controller,Rxf1,f8f1,r2k1r1n/pp2b1Q1/2p5/3pP2p/P2P3P/1PN1P3/2P1K1P1/5R2 b - - 4 21,r2k3n/pp2b1Q1/2p5/3pP2p/P2P3P/1PN1P3/2P1K1P1/5r2 w - - 0 22,4.057916666666666,-1.0812500000000003,2,2,accurate,0.3,6.762638448829194,2.264605119844164,-4.498033328985031,-4.498033328985031,6.762638448829194,4.007204892170253,6.762638448829194,2.755433556658941,2.755433556658941,5.515447456599956,1.2471908553424131,-4.007204755283428,-8.881784197001252e-16,0.6495545636652011,1.9146877675342568,1.9146877675342568,1.9146877675342568,1.9146877675342568,2,2,2,,1,1,1,26,29,20,2.321044052736163e-10,0.9999999794833986,2.321044052736163e-10,0.9999999794833986,0.9999999997678954,2.0516601464463475e-08,,3,2506,1,1,1.0,46,3.7042838969937293,f8f1,True,2.264605119844164,2.264605119844164,,4.0929166666666665,1.8283115468225026,1,False,False,False,False,False,False
43,22,white,White material conservative,Kxf1,e2f1,r2k3n/pp2b1Q1/2p5/3pP2p/P2P3P/1PN1P3/2P1K1P1/5r2 w - - 0 22,r2k3n/pp2b1Q1/2p5/3pP2p/P2P3P/1PN1P3/2P3P1/5K2 b - - 0 22,-1.0812500000000003,4.0929166666666665,2,2,accurate,0.3,1.9974353802707705,4.266250000030681,2.26881461975991,2.26881461975991,1.9974353802707705,3.96285140054434,1.9974353802707705,-1.9654160202735695,-1.9654160202735695,-1.319209348561789,-0.43181328920423484,-0.2143933825075455,-2.220446049250313e-16,0.13500563773424054,1.1445432369637223,1.1445432369637223,1.1445432369637223,1.1445432369637223,2,2,2,,1,2,1,37,27,26,0.9147562990495808,0.9699242863030858,0.9147562990495808,0.9699242863030858,0.08524370095041933,0.030075713696914225,,3,1647,1,1,1.0,66,2.5331083400087664,e2f1,True,4.266250000030681,4.266250000030681,,3.1754166666666666,-1.0908333333640141,1,False,False,False,False,False,False
44,23,black,Black positional controller,Bxh4,e7h4,r2k3n/pp2b1Q1/2p5/3pP2p/P2P3P/1PN1P3/2P3P1/5K2 b - - 0 22,r2k3n/pp4Q1/2p5/3pP2p/P2P3b/1PN1P3/2P3P1/5K2 w - - 0 23,4.0929166666666665,3.1754166666666666,2,2,accurate,0.3,4.292754776581112,4.264279151593873,-0.0284756249872391,-0.0284756249872391,4.292754776581112,6.762638448829194,4.292754776581112,-2.4698836722480824,-2.4698836722480824,7.1128920889010585,-9.58277575382983,-7.319311600713878e-09,8.881784197001252e-16,0.010313595577234885,1.0103669640198139,1.0103669640198139,1.0103669640198139,1.0103669640198139,2,2,2,,1,1,1,29,21,20,0.9999999972294717,1.0,0.9999999972294717,1.0,2.770528241334952e-09,9.215372815256169e-22,,3,797,1,1,1.0,12,0.6932349269918632,e7h4,True,4.264279151593873,4.264279151593873,,6.317083333333333,2.05280418173946,1,False,False,False,False,False,False
45,23,white,White material conservative,Qxh8+,g7h8,r2k3n/pp4Q1/2p5/3pP2p/P2P3b/1PN1P3/2P3P1/5K2 w - - 0 23,r2k3Q/pp6/2p5/3pP2p/P2P3b/1PN1P3/2P3P1/5K2 b - - 0 23,3.1754166666666666,6.317083333333333,2,2,accurate,0.3,8.165831569045084,8.194602882721567,0.02877131367648289,0.02877131367648289,8.165831569045084,1.9974353802707705,8.165831569045084,6.168396188774313,6.168396188774313,0.11547987939657509,6.150545991550195,-0.09762968217245531,-1.7763568394002505e-15,0.04305526987194376,1.0439955947588968,1.0439955947588968,1.0439955947588968,1.0439955947588968,2,2,2,,1,1,1,27,30,24,0.9699242863030826,0.9927485145526818,0.9699242863030826,0.9927485145526818,0.030075713696917524,0.007251485447318156,,3,1261,1,1,1.0,60,2.1536635749944253,g7h8,True,8.194602882721567,8.194602882721567,,6.265416666666667,-1.9291862160548998,1,False,False,False,False,False,False
46,24,black,Black positional controller,Kc7,d8c7,r2k3Q/pp6/2p5/3pP2p/P2P3b/1PN1P3/2P3P1/5K2 b - - 0 23,r6Q/ppk5/2p5/3pP2p/P2P3b/1PN1P3/2P3P1/5K2 w - - 1 24,6.317083333333333,6.265416666666667,2,2,accurate,0.3,11.332680047563,11.317499999999907,-0.01518004756309388,-0.01518004756309388,11.332680047563,4.292754776581112,11.332680047563,7.039925270981889,7.039925270981889,-2.8634309694676263,5.182859569414498,4.720496671035017,0.0,1.0597096697250938,2.885533110021904,2.885533110021904,2.885533110021904,2.885533110021904,2,2,2,,1,1,1,21,3,2,0.9986435903423448,0.5853143653700609,0.9986435903423448,0.5853143653700609,0.0013564096576551457,0.4146856346299391,,3,694,1,1,1.0,41,1.4150829599966528,d8c7,False,11.317499999999907,11.317499999999907,,11.317499999999999,9.237055564881302e-14,1,False,False,False,False,False,False
47,24,white,White material conservative,Qxa8,h8a8,r6Q/ppk5/2p5/3pP2p/P2P3b/1PN1P3/2P3P1/5K2 w - - 1 24,Q7/ppk5/2p5/3pP2p/P2P3b/1PN1P3/2P3P1/5K2 b - - 0 24,6.265416666666667,11.317499999999999,2,2,accurate,0.3,11.309747692328964,11.309747692328965,1.7763568394002505e-15,1.7763568394002505e-15,11.309747692328964,8.165831569045084,11.309747692328964,3.14391612328388,3.14391612328388,-1.8199806952595592e-07,-1.623091751572177e-05,3.1439325361994648,4.440892098500626e-16,1.902707685288733e-14,1.000000000000019,1.000000000000019,1.000000000000019,1.000000000000019,2,2,2,,1,1,1,30,27,15,5.464602027370093e-06,1.4384266380358592e-21,5.464602027370093e-06,1.4384266380358592e-21,0.9999945353979726,1.0,,3,1025,1,1,1.6666666666666667,53,1.3024632180022309,h8a8,True,11.309747692328965,11.309747692328965,,11.28,-0.029747692328966124,1,False,False,False,False,False,False
48,25,black,Black positional controller,Bd8,h4d8,Q7/ppk5/2p5/3pP2p/P2P3b/1PN1P3/2P3P1/5K2 b - - 0 24,Q2b4/ppk5/2p5/3pP2p/P2P4/1PN1P3/2P3P1/5K2 w - - 1 25,11.317499999999999,11.28,2,2,accurate,0.3,11.374278052781563,11.325699221141553,-0.04857883164000931,-0.04857883164000931,11.374278052781563,11.332680047563,11.374278052781563,0.04159800521856205,0.04159800521856205,0,0,0.04159800521856205,0.0,0.6414416871101335,1.8992169831721915,1.8992169831721915,1.8992169831721915,1.8992169831721915,2,2,2,,1,1,1,3,14,0,0,0,0,0,1.0,1.0,,4,469,1,1,1.0,13,0.36579692299710587,h4d8,False,11.325699221141553,11.325699221141553,,12.31125,0.9855507788584461,1,False,False,False,False,False,False
49,25,white,White material conservative,Qxa7,a8a7,Q2b4/ppk5/2p5/3pP2p/P2P4/1PN1P3/2P3P1/5K2 w - - 1 25,3b4/Qpk5/2p5/3pP2p/P2P4/1PN1P3/2P3P1/5K2 b - - 0 25,11.28,12.31125,2,2,accurate,0.3,11.974600510700148,12.307124169730493,0.3325236590303451,0.3325236590303451,11.974600510700148,11.309747692328964,11.974600510700148,0.6648528183711839,0.6648528183711839,1.347617644945621,2.275392218447012,-2.958157045021448,-1.3322676295501878e-15,0.9885683344631984,2.6873842814541886,2.6873842814541886,2.6873842814541886,2.6873842814541886,2,2,2,,1,1,1,27,22,15,1.4384266380358592e-21,0.31998839623925673,1.4384266380358592e-21,0.31998839623925673,1.0,0.6800116037607432,,4,975,1,1,1.0,63,1.5521082269988256,a8a7,False,12.307124169730493,12.307124169730493,,12.3275,0.020375830269507844,1,False,False,False,False,False,False
50,26,black,Black positional controller,Kc8,c7c8,3b4/Qpk5/2p5/3pP2p/P2P4/1PN1P3/2P3P1/5K2 b - - 0 25,2kb4/Qp6/2p5/3pP2p/P2P4/1PN1P3/2P3P1/5K2 w - - 1 26,12.31125,12.3275,2,2,accurate,0.3,12.350834400524295,12.31863352675969,-0.03220087376460512,-0.03220087376460512,12.350834400524295,11.374278052781563,12.350834400524295,0.9765563477427328,0.9765563477427328,-1.3064014226358768e-05,9.482393947418813e-07,0.9765684635175642,2.220446049250313e-16,7.343898892651623e-06,1.0000073439258592,1.0000073439258592,1.0000073439258592,1.0000073439258592,2,2,2,,1,1,1,14,8,2,1.0465070990778915e-06,2.5094743553890175e-10,1.0465070990778915e-06,2.5094743553890175e-10,0.9999989534929009,0.9999999997490526,,4,404,1,1,1.0,12,0.5248868119961116,c7c8,False,12.31863352675969,12.31863352675969,,12.439583333333333,0.12094980657364296,1,False,False,False,False,False,False
51,26,white,White material conservative,Ke2,f1e2,2kb4/Qp6/2p5/3pP2p/P2P4/1PN1P3/2P3P1/5K2 w - - 1 26,2kb4/Qp6/2p5/3pP2p/P2P4/1PN1P3/2P1K1P1/8 b - - 2 26,12.3275,12.439583333333333,2,2,accurate,0.3,12.255732532065407,12.385704878690186,0.12997234662477908,0.12997234662477908,12.255732532065407,11.974600510700148,12.255732532065407,0.2811320213652593,0.2811320213652593,6.21789390102969,0.5879236826759845,-6.524685562340414,-8.881784197001252e-16,1.426300286892919,4.163267767276302,4.163267767276302,4.163267767276302,4.163267767276302,2,2,2,,2,1,2,22,24,17,0.33417704617018523,0.8644012202154133,0.33417704617018523,0.8644012202154133,0.6658229538298147,0.1355987797845867,,6,1642,2,1,2.6666666666666665,108,2.287340729992138,f1e2,False,12.385704878690186,12.385704878690186,,12.423333333333334,0.03762845464314779,1,False,False,False,False,False,False
52,27,black,Black positional controller,Kc7,c8c7,2kb4/Qp6/2p5/3pP2p/P2P4/1PN1P3/2P1K1P1/8 b - - 2 26,3b4/Qpk5/2p5/3pP2p/P2P4/1PN1P3/2P1K1P1/8 w - - 3 27,12.439583333333333,12.423333333333334,2,2,accurate,0.3,12.49863267056073,12.413155337491244,-0.0854773330694858,-0.0854773330694858,12.49863267056073,12.350834400524295,12.49863267056073,0.14779827003643398,0.14779827003643398,-1.928901412563482e-06,0.1477982428755991,1.956062247276286e-06,1.6653345369377348e-16,5.78343139473651e-05,1.0000578359863836,1.0000578359863836,1.0000578359863836,1.0000578359863836,2,2,2,,1,1,1,8,13,6,0.999999928303854,0.9999997729317982,0.999999928303854,0.9999997729317982,7.169614601138417e-08,2.2706820180302386e-07,,5,574,1,1,1.0,14,0.523749610001687,c8c7,False,12.413155337491244,12.413155337491244,,12.470416666666667,0.05726132917542337,1,False,False,False,False,False,False
53,27,white,White material conservative,Qc5,a7c5,3b4/Qpk5/2p5/3pP2p/P2P4/1PN1P3/2P1K1P1/8 w - - 3 27,3b4/1pk5/2p5/2QpP2p/P2P4/1PN1P3/2P1K1P1/8 b - - 4 27,12.423333333333334,12.470416666666667,2,2,accurate,0.3,12.308731309399606,12.496352185789409,0.1876208763898024,0.1876208763898024,12.308731309399606,12.255732532065407,12.308731309399606,0.05299877733419933,0.05299877733419933,-2.358300474407394,0.07985783151206269,2.33144142022953,4.440892098500626e-16,2.5098515827129573,12.303103931691474,12.303103931691474,12.303103931691474,12.303103931691474,2,2,2,,4,2,4,24,26,19,0.891483562216859,0.7024548570956864,0.891483562216859,0.7024548570956864,0.108516437783141,0.2975451429043135,,10,2543,4,1,3.1,279,3.9448442379944026,a7c5,False,12.496352185789409,12.496352185789409,,12.484583333333333,-0.011768852456075507,1,False,False,False,False,False,False
54,28,black,Black positional controller,Kc8,c7c8,3b4/1pk5/2p5/2QpP2p/P2P4/1PN1P3/2P1K1P1/8 b - - 4 27,2kb4/1p6/2p5/2QpP2p/P2P4/1PN1P3/2P1K1P1/8 w - - 5 28,12.470416666666667,12.484583333333333,2,2,accurate,0.3,12.698349916935758,12.601250051273603,-0.09709986566215534,-0.09709986566215534,12.698349916935758,12.49863267056073,12.698349916935758,0.19971724637502852,0.19971724637502852,-0.0017713892493626505,0.19969812820636645,0.0017905074180243606,3.608224830031759e-16,0.0015308155841397117,1.0015319878804296,1.0015319878804296,1.0015319878804296,1.0015319878804296,2,2,2,,1,1,1,13,10,7,0.9999997853432256,0.9998592096777045,0.9999997853432256,0.9998592096777045,2.1465677444165353e-07,0.00014079032229535863,,4,520,1,1,1.0,12,0.5209770710062003,c7c8,False,12.601250051273603,12.601250051273603,,13.482083333333334,0.8808332820597311,1,False,False,False,False,False,False
55,28,white,White material conservative,Nxd5,c3d5,2kb4/1p6/2p5/2QpP2p/P2P4/1PN1P3/2P1K1P1/8 w - - 5 28,2kb4/1p6/2p5/2QNP2p/P2P4/1P2P3/2P1K1P1/8 b - - 0 28,12.484583333333333,13.482083333333334,2,2,accurate,0.3,12.584445950631201,13.42796863656242,0.8435226859312195,0.8435226859312195,12.584445950631201,12.308731309399606,12.584445950631201,0.2757146412315947,0.2757146412315947,-8.1599598169348,0.06551709138335533,8.37015736678304,-1.7763568394002505e-15,0.15210025917882875,1.1642769600326506,1.1642769600326506,1.1642769600326506,1.1642769600326506,2,2,2,,1,4,1,26,31,19,0.697973252427024,0.03354394523759984,0.697973252427024,0.03354394523759984,0.302026747572976,0.9664560547624002,,4,1333,1,1,1.0,75,1.8978563179989578,c3d5,False,13.42796863656242,13.42796863656242,,13.490416666666667,0.062448030104246044,1,False,False,False,False,False,False
56,29,black,Black positional controller,h4,h5h4,2kb4/1p6/2p5/2QNP2p/P2P4/1P2P3/2P1K1P1/8 b - - 0 28,2kb4/1p6/2p5/2QNP3/P2P3p/1P2P3/2P1K1P1/8 w - - 0 29,13.482083333333334,13.490416666666667,2,2,accurate,0.3,13.64182811894433,13.529689332199503,-0.11213878674482736,-0.11213878674482736,13.64182811894433,12.698349916935758,13.64182811894433,0.9434782020085724,0.9434782020085724,0.0018486173167324375,0.9434170368332206,-0.0017874521413802774,-4.440892098500626e-16,5.7277466008760356e-05,1.0000572791063942,1.0000572791063942,1.0000572791063942,1.0000572791063942,2,2,2,,1,1,1,10,12,7,0.9998592096777045,0.9999995796811506,0.9998592096777045,0.9999995796811506,0.00014079032229535863,4.20318849337831e-07,,4,975,1,1,1.0,22,1.3696103709953604,h5h4,False,13.529689332199503,13.529689332199503,,13.567083333333333,0.037394001133829846,1,False,False,False,False,False,False
57,29,white,White material conservative,Nf4,d5f4,2kb4/1p6/2p5/2QNP3/P2P3p/1P2P3/2P1K1P1/8 w - - 0 29,2kb4/1p6/2p5/2Q1P3/P2P1N1p/1P2P3/2P1K1P1/8 b - - 1 29,13.490416666666667,13.567083333333333,2,2,accurate,0.3,13.43790156875464,13.588966226243,0.1510646574883605,0.1510646574883605,13.43790156875464,12.584445950631201,13.43790156875464,0.853455618123439,0.853455618123439,-0.8629725511871047,-0.10391987608151412,1.8203480453920609,-3.1086244689504383e-15,1.6151136658322838,5.028459455015389,5.028459455015389,5.028459455015389,5.028459455015389,2,2,2,,2,1,2,31,34,24,0.9665915824970329,0.8318046072424451,0.9665915824970329,0.8318046072424451,0.033408417502967046,0.16819539275755493,,7,2516,2,1,1.1428571428571428,307,3.4700842349993763,d5f4,False,13.588966226243,13.588966226243,,13.585833333333333,-0.0031328929096670066,1,False,False,False,False,False,False
58,30,black,Black positional controller,Kb8,c8b8,2kb4/1p6/2p5/2Q1P3/P2P1N1p/1P2P3/2P1K1P1/8 b - - 1 29,1k1b4/1p6/2p5/2Q1P3/P2P1N1p/1P2P3/2P1K1P1/8 w - - 2 30,13.567083333333333,13.585833333333333,2,2,accurate,0.3,13.638839610825075,13.516466068726352,-0.12237354209872287,-0.12237354209872287,13.638839610825075,13.64182811894433,13.638839610825075,-0.0029885081192553287,-0.0029885081192553287,11.879457097029931,-0.008191340925802277,-11.874254264223383,-1.7763568394002505e-15,1.5058556654289197,4.508009328194916,4.508009328194916,4.508009328194916,4.508009328194916,2,2,2,,2,1,2,12,12,10,4.073164438661973e-06,0.871176956428874,4.073164438661973e-06,0.871176956428874,0.9999959268355613,0.1288230435711259,,6,1747,2,1,1.1666666666666667,46,1.9112455799913732,c8b8,False,13.516466068726352,13.516466068726352,,13.7025,0.18603393127364853,1,False,False,False,False,False,False
59,30,white,White material conservative,Kd3,e2d3,1k1b4/1p6/2p5/2Q1P3/P2P1N1p/1P2P3/2P1K1P1/8 w - - 2 30,1k1b4/1p6/2p5/2Q1P3/P2P1N1p/1P1KP3/2P3P1/8 b - - 3 30,13.585833333333333,13.7025,2,2,accurate,0.3,13.464142137345199,13.682128190297256,0.21798605295205675,0.21798605295205675,13.464142137345199,13.43790156875464,13.464142137345199,0.02624056859055912,0.02624056859055912,-6.037414426905015,0.2520408384370631,5.811614157058509,2.6645352591003757e-15,2.0058781394333125,7.432617906720017,7.432617906720017,7.432617906720017,7.432617906720017,2,2,2,,3,2,3,34,35,27,0.8684700459840302,0.4349917963490596,0.8684700459840302,0.4349917963490596,0.1315299540159698,0.5650082036509405,,9,3127,4,1,1.4444444444444444,486,3.9650291680009104,e2d3,True,13.682128190297256,13.682128190297256,,13.719166666666666,0.03703847636941049,1,False,False,False,False,False,False
60,31,black,Black positional controller,Ka8,b8a8,1k1b4/1p6/2p5/2Q1P3/P2P1N1p/1P1KP3/2P3P1/8 b - - 3 30,k2b4/1p6/2p5/2Q1P3/P2P1N1p/1P1KP3/2P3P1/8 w - - 4 31,13.7025,13.719166666666666,2,2,accurate,0.3,13.790727541206719,13.684093495057052,-0.10663404614966687,-0.10663404614966687,13.790727541206719,13.638839610825075,13.790727541206719,0.15188793038164405,0.15188793038164405,0.5328428727107586,0.11866407925378099,-0.4996190215828964,8.881784197001252e-16,1.4213271435841355,4.142614638088758,4.142614638088758,4.142614638088758,4.142614638088758,2,2,2,,2,2,2,12,12,9,0.5999424049220832,0.6389240760015376,0.5999424049220832,0.6389240760015376,0.4000575950779168,0.36107592399846244,,10,2678,2,1,1.1,143,3.578027914001723,b8a8,False,13.684093495057052,13.684093495057052,,13.742083333333333,0.05798983827628135,1,False,False,False,False,False,False
61,31,white,White material conservative,Qf8,c5f8,k2b4/1p6/2p5/2Q1P3/P2P1N1p/1P1KP3/2P3P1/8 w - - 4 31,k2b1Q2/1p6/2p5/4P3/P2P1N1p/1P1KP3/2P3P1/8 b - - 5 31,13.719166666666666,13.742083333333333,2,2,accurate,0.3,13.471923968717904,13.838450533212475,0.36652656449457055,0.36652656449457055,13.471923968717904,13.464142137345199,13.471923968717904,0.007781831372705383,0.007781831372705383,-1.2897046665703222,0.05095506037836073,1.2465314375646672,-4.440892098500626e-16,2.9459965731439195,19.029617345483693,19.029617345483693,19.029617345483693,19.029617345483693,1,1,1,,6,3,6,35,33,27,0.8696213695226901,0.7775667893863571,0.8696213695226901,0.7775667893863571,0.13037863047730994,0.22243321061364285,,8,2509,0,1,4.0,377,3.1415985499916133,c5f8,False,13.838450533212475,13.838450533212475,,13.742083333333333,-0.09636719987914155,1,False,False,False,False,False,False
62,32,black,Black positional controller,b6,b7b6,k2b1Q2/1p6/2p5/4P3/P2P1N1p/1P1KP3/2P3P1/8 b - - 5 31,k2b1Q2/8/1pp5/4P3/P2P1N1p/1P1KP3/2P3P1/8 w - - 0 32,13.742083333333333,13.742083333333333,2,2,accurate,0.3,16.912613985582546,16.922730929150948,0.010116943568402093,0.010116943568402093,16.912613985582546,13.790727541206719,16.912613985582546,3.1218864443758267,3.1218864443758267,15.847169228083661,1.0297006548205434,-13.754983438528377,-1.7763568394002505e-15,0.012024943285835055,1.0120975335893065,1.0120975335893065,1.0120975335893065,1.0120975335893065,2,2,2,,1,2,1,12,6,3,0.0010508627590242396,0.9988099761831639,0.0010508627590242396,0.9988099761831639,0.9989491372409758,0.001190023816836035,,3,414,1,1,1.0,146,0.5737574319937266,b7b6,False,16.922730929150948,16.922730929150948,,16.923333333333332,0.0006024041823842197,1,False,False,False,False,False,False
63,32,white,White material conservative,Qxd8+,f8d8,k2b1Q2/8/1pp5/4P3/P2P1N1p/1P1KP3/2P3P1/8 w - - 0 32,k2Q4/8/1pp5/4P3/P2P1N1p/1P1KP3/2P3P1/8 b - - 0 32,13.742083333333333,16.923333333333332,2,2,accurate,0.3,16.8494748523993,16.84947542448468,5.720853799573433e-07,5.720853799573433e-07,16.8494748523993,13.471923968717904,16.8494748523993,3.377550883681396,3.377550883681396,-12.134634082936529,-0.00789748798741819,15.520082454605342,0.0,3.177251158713609e-06,1.0000031772562061,1.0000031772562061,1.0000031772562061,1.0000031772562061,2,2,2,,1,6,1,33,34,20,0.9026543462653979,6.983895271241772e-10,0.9026543462653979,6.983895271241772e-10,0.09734565373460212,0.9999999993016105,,3,686,1,1,1.0,80,0.6810762959939893,f8d8,True,16.84947542448468,16.84947542448468,,16.840416666666666,-0.00905875781801413,1,False,False,False,False,False,False
64,33,black,Black positional controller,Kb7,a8b7,k2Q4/8/1pp5/4P3/P2P1N1p/1P1KP3/2P3P1/8 b - - 0 32,3Q4/1k6/1pp5/4P3/P2P1N1p/1P1KP3/2P3P1/8 w - - 1 33,16.923333333333332,16.840416666666666,2,2,accurate,0.3,16.842871207650166,16.793813827332478,-0.049057380317687915,-0.049057380317687915,16.842871207650166,16.912613985582546,16.842871207650166,-0.0697427779323796,-0.0697427779323796,7.84794512515058,-0.024490539632138777,-7.893197363450824,3.552713678800501e-15,0.6905259465013124,1.9947643967512718,1.9947643967512718,1.9947643967512718,1.9947643967512718,2,2,2,,1,1,1,6,2,1,0.0008702354138036853,0.46381337976820536,0.0008702354138036853,0.46381337976820536,0.9991297645861963,0.5361866202317946,,5,495,1,1,1.0,55,0.553177741006948,a8b7,False,16.793813827332478,16.793813827332478,,17.713333333333335,0.9195195060008565,1,False,False,False,False,False,False
65,33,white,White material conservative,Qxh4,d8h4,3Q4/1k6/1pp5/4P3/P2P1N1p/1P1KP3/2P3P1/8 w - - 1 33,8/1k6/1pp5/4P3/P2P1N1Q/1P1KP3/2P3P1/8 b - - 0 33,16.840416666666666,17.713333333333335,2,2,accurate,0.3,16.575556005491464,17.798222583925817,1.2226665784343531,1.2226665784343531,16.575556005491464,16.8494748523993,16.575556005491464,-0.2739188469078364,-0.2739188469078364,14.897041334394244,1.5949798291212411,-16.76594001042332,0.0,2.624480110934624,13.797399204154512,13.797399204154512,13.797399204154512,13.797399204154512,2,2,2,,5,1,5,34,36,20,6.983895271241772e-10,0.9950665835940944,6.983895271241772e-10,0.9950665835940944,0.9999999993016105,0.004933416405905619,,11,2255,5,1,1.7272727272727273,454,2.247297410009196,d8h4,True,17.798222583925817,17.798222583925817,,17.68625,-0.11197258392581588,1,False,False,False,False,False,False
66,34,black,Black positional controller,c5,c6c5,8/1k6/1pp5/4P3/P2P1N1Q/1P1KP3/2P3P1/8 b - - 0 33,8/1k6/1p6/2p1P3/P2P1N1Q/1P1KP3/2P3P1/8 w - - 0 34,17.713333333333335,17.68625,2,2,accurate,0.3,17.829984361459736,17.82166617765447,-0.008318183805265278,-0.008318183805265278,17.829984361459736,16.842871207650166,17.829984361459736,0.9871131538095703,0.9871131538095703,0,0,0.9871131538095703,0.0,0.03956148071535467,1.040354458655132,1.040354458655132,1.040354458655132,1.040354458655132,2,2,2,,1,1,1,2,8,0,0,0,0,0,1.0,0.9999999999999999,,4,1201,1,1,1.0,35,1.3491472159948898,c6c5,False,17.82166617765447,17.82166617765447,,18.72,0.8983338223455277,1,False,False,False,False,False,False
67,34,white,White material conservative,dxc5,d4c5,8/1k6/1p6/2p1P3/P2P1N1Q/1P1KP3/2P3P1/8 w - - 0 34,8/1k6/1p6/2P1P3/P4N1Q/1P1KP3/2P3P1/8 b - - 0 34,17.68625,18.72,2,2,accurate,0.3,17.76448126410624,17.835784886293276,0.07130362218703468,0.07130362218703468,17.76448126410624,16.575556005491464,17.76448126410624,1.188925258614777,1.188925258614777,-16.97186551605266,0.4801392240965809,17.680651550570854,0.0,0.03795789797189287,1.0386875011075398,1.0386875011075398,1.0386875011075398,1.0386875011075398,2,2,2,,1,5,1,36,36,20,0.9950665835940944,1.67815579423638e-05,0.9950665835940944,1.67815579423638e-05,0.004933416405905619,0.9999832184420576,,5,1379,1,1,1.4,242,1.3327345519937808,d4c5,True,17.835784886293276,17.835784886293276,,17.619583333333335,-0.2162015529599408,1,False,False,False,False,False,False
68,35,black,Black positional controller,bxc5,b6c5,8/1k6/1p6/2P1P3/P4N1Q/1P1KP3/2P3P1/8 b - - 0 34,8/1k6/8/2p1P3/P4N1Q/1P1KP3/2P3P1/8 w - - 0 35,18.72,17.619583333333335,2,2,accurate,0.3,17.85500537136964,17.85499997927445,-5.392095189904467e-06,-5.392095189904467e-06,17.85500537136964,17.829984361459736,17.85500537136964,0.025021009909902858,0.025021009909902858,-18.265400226892194,0.5326970078583648,17.757724228943736,-3.552713678800501e-15,7.25673971218564e-05,1.0000725700301991,1.0000725700301991,1.0000725700301991,1.0000725700301991,2,2,2,,1,1,1,8,9,7,0.9945457631942901,4.099159008606985e-06,0.9945457631942901,4.099159008606985e-06,0.005454236805709859,0.9999959008409912,,3,784,1,1,1.6666666666666667,18,0.5669358419982018,b6c5,True,17.85499997927445,17.85499997927445,,17.855,2.0725551053146773e-08,1,False,False,False,False,False,False
69,35,white,White material conservative,Qd8,h4d8,8/1k6/8/2p1P3/P4N1Q/1P1KP3/2P3P1/8 w - - 0 35,3Q4/1k6/8/2p1P3/P4N2/1P1KP3/2P3P1/8 b - - 1 35,17.619583333333335,17.855,2,2,accurate,0.3,17.835646899727976,17.835780799486223,0.000133899758246514,0.000133899758246514,17.835646899727976,17.76448126410624,17.835646899727976,0.07116563562173539,0.07116563562173539,0.00026777195868928506,0.07094660041386999,-4.873675082340132e-05,-4.85722573273506e-16,0.01296319036439861,1.0130475767613392,1.0130475767613392,1.0130475767613392,1.0130475767613392,2,2,2,,1,1,1,36,34,34,0.9999972426041189,1.0,0.9999972426041189,1.0,2.757395881019311e-06,0,,6,944,2,1,1.3333333333333333,263,0.729339411991532,h4d8,False,17.835780799486223,17.835780799486223,,17.5325,-0.3032807994862239,1,False,False,False,False,False,False
70,36,black,Black positional controller,c4+,c5c4,3Q4/1k6/8/2p1P3/P4N2/1P1KP3/2P3P1/8 b - - 1 35,3Q4/1k6/8/4P3/P1p2N2/1P1KP3/2P3P1/8 w - - 0 36,17.855,17.5325,2,2,accurate,0.3,17.89215914134566,16.854795521389438,-1.0373636199562242,-1.0373636199562242,17.89215914134566,17.85500537136964,17.89215914134566,0.03715376997602249,0.03715376997602249,18.413589561220725,-0.5216243234526139,-17.85481146779209,0.0,0.8456656169611617,2.329527871903818,2.329527871903818,2.329527871903818,2.329527871903818,2,2,2,,1,1,1,9,4,3,1.4223366120098143e-06,0.9999900937413133,1.4223366120098143e-06,0.9999900937413133,0.9999985776633878,9.906258686657213e-06,,2,221,1,1,1.0,37,0.20614287999342196,c5c4,True,16.854795521389438,16.854795521389438,,18.932083333333335,2.077287811943897,1,False,False,False,False,False,False
71,36,white,White material conservative,bxc4,b3c4,3Q4/1k6/8/4P3/P1p2N2/1P1KP3/2P3P1/8 w - - 0 36,3Q4/1k6/8/4P3/P1P2N2/3KP3/2P3P1/8 b - - 0 36,17.5325,18.932083333333335,2,2,accurate,0.3,18.82517322663581,18.924379968972147,0.09920674233633875,0.09920674233633875,18.82517322663581,17.835646899727976,18.82517322663581,0.989526326907832,0.989526326907832,6.688566805970147,0.22885764547541393,-5.927898124537727,-2.6645352591003757e-15,0.6840425794572735,1.9818734405559255,1.9818734405559255,1.9818734405559255,1.9818734405559255,2,2,2,,1,1,1,34,7,5,1.7354118816306307e-08,0.3707050424443085,1.7354118816306307e-08,0.3707050424443085,0.9999999826458812,0.6292949575556915,,2,123,1,1,2.0,49,0.08795887698943261,b3c4,True,18.924379968972147,18.924379968972147,,18.923333333333332,-0.0010466356388150189,1,False,False,False,False,False,False
72,37,black,Black positional controller,Ka6,b7a6,3Q4/1k6/8/4P3/P1P2N2/3KP3/2P3P1/8 b - - 0 36,3Q4/8/k7/4P3/P1P2N2/3KP3/2P3P1/8 w - - 1 37,18.932083333333335,18.923333333333332,2,2,accurate,0.3,16.26066153770606,0.0034214289567552035,-16.257240108749304,-16.257240108749304,16.26066153770606,17.89215914134566,16.26066153770606,-1.6314976036396018,-1.6314976036396018,0.17001192322094877,-1.8013425588960035,-0.0001669679645455952,-1.5543122344752192e-15,0.7903689422753268,2.2042095023267314,2.2042095023267314,2.2042095023267314,2.2042095023267314,2,2,2,,1,1,1,4,3,3,0.9999900937413133,1.0,0.9999900937413133,1.0,9.906258686657213e-06,0,,4,176,2,1,1.0,23,0.1489285529969493,b7a6,False,0.0034214289567552035,0.0034214289567552035,,19.107916666666668,19.104495237709912,1,False,False,False,False,False,False
73,37,white,White material conservative,Qd6+,d8d6,3Q4/8/k7/4P3/P1P2N2/3KP3/2P3P1/8 w - - 1 37,8/8/k2Q4/4P3/P1P2N2/3KP3/2P3P1/8 b - - 2 37,18.923333333333332,19.107916666666668,2,2,accurate,0.3,1.17725287975043,18.991275656724937,17.814022776974507,17.814022776974507,1.17725287975043,18.82517322663581,1.17725287975043,-17.64792034688538,-17.64792034688538,-0.018484405360141107,0.0035972519470283287,-17.63303319347227,3.552713678800501e-15,0.3490068229331412,1.417658862900627,1.417658862900627,1.417658862900627,1.417658862900627,2,2,2,,1,1,1,7,36,5,0.0033254924452341674,0.002307202347417516,0.0033254924452341674,0.002307202347417516,0.9966745075547658,0.9976927976525823,,3,367,1,1,2.3333333333333335,77,0.24519301300460938,d8d6,True,18.991275656724937,18.991275656724937,,19.0225,0.031224343275063404,1,False,False,False,False,False,False
74,38,black,Black positional controller,Ka7,a6a7,8/8/k2Q4/4P3/P1P2N2/3KP3/2P3P1/8 b - - 2 37,8/k7/3Q4/4P3/P1P2N2/3KP3/2P3P1/8 w - - 3 38,19.107916666666668,19.0225,2,2,accurate,0.3,18.85168454572426,18.64792785629783,-0.20375668942643088,-0.20375668942643088,18.85168454572426,16.26066153770606,18.85168454572426,2.591023008018201,2.591023008018201,0,0,2.591023008018201,0.0,1.0739282467134248,2.926854353187555,2.926854353187555,2.926854353187555,2.926854353187555,2,2,2,,1,1,1,3,3,0,0,0,0,0,1.0,1.0,,2,68,1,1,1.0,11,0.05653801100561395,a6a7,True,18.64792785629783,18.64792785629783,,19.014166666666668,0.3662388103688379,1,False,False,False,False,False,False
75,38,white,White material conservative,c5,c4c5,8/k7/3Q4/4P3/P1P2N2/3KP3/2P3P1/8 w - - 3 38,8/k7/3Q4/2P1P3/P4N2/3KP3/2P3P1/8 b - - 0 38,19.0225,19.014166666666668,2,2,accurate,0.3,17.84868216018266,18.996499597096033,1.1478174369133747,1.1478174369133747,17.84868216018266,1.17725287975043,17.84868216018266,16.67142928043223,16.67142928043223,5.597421503522686,-0.12203377552283445,11.196041552432376,0.0,1.9390070917382982,6.951844998373224,6.951844998373224,6.951844998373224,6.951844998373224,2,2,2,,3,1,3,36,36,18,0.011766479040498962,0.3146124986106867,0.011766479040498962,0.3146124986106867,0.9882335209595009,0.6853875013893133,,10,941,4,1,3.0,450,0.6516738249920309,c4c5,False,18.996499597096033,18.996499597096033,,18.976666666666667,-0.019832930429366513,1,False,False,False,False,False,False
76,39,black,Black positional controller,Ka8,a7a8,8/k7/3Q4/2P1P3/P4N2/3KP3/2P3P1/8 b - - 0 38,k7/8/3Q4/2P1P3/P4N2/3KP3/2P3P1/8 w - - 1 39,19.014166666666668,18.976666666666667,2,2,accurate,0.3,9.721386705101704,0.030069616710922394,-9.691317088390782,-9.691317088390782,9.721386705101704,18.85168454572426,9.721386705101704,-9.130297840622557,-9.130297840622557,0,0,-9.130297840622557,0.0,0.6929405010639491,1.9995866837214789,1.9995866837214789,1.9995866837214789,1.9995866837214789,2,2,2,,1,1,1,3,2,0,0,0,0,0,1.0,1.0,,2,142,1,1,1.0,10,0.11615325999446213,a7a8,True,0.030069616710922394,0.030069616710922394,,18.976666666666667,18.946597049955745,1,False,False,False,False,False,False
77,39,white,White material conservative,g4,g2g4,k7/8/3Q4/2P1P3/P4N2/3KP3/2P3P1/8 w - - 1 39,k7/8/3Q4/2P1P3/P4NP1/3KP3/2P5/8 b - - 0 39,18.976666666666667,18.976666666666667,2,2,accurate,0.3,2.498647487722297,19.018352201909394,16.519704714187096,16.519704714187096,2.498647487722297,17.84868216018266,2.498647487722297,-15.350034672460362,-15.350034672460362,-11.105657831047775,-3.8501671716721217,-0.39420966974046445,0.0,1.19623950485716,3.307655085200268,3.307655085200268,3.307655085200268,3.307655085200268,2,2,2,,1,3,1,36,35,32,0.9616802567760913,0.98251633654047,0.9616802567760913,0.98251633654047,0.038319743223908666,0.01748366345953001,,4,484,1,1,1.25,112,0.3443643320060801,g2g4,False,19.018352201909394,19.018352201909394,,19.014166666666668,-0.004185535242726246,1,False,False,False,False,False,False
78,40,black,Black positional controller,Ka7,a8a7,k7/8/3Q4/2P1P3/P4NP1/3KP3/2P5/8 b - - 0 39,8/k7/3Q4/2P1P3/P4NP1/3KP3/2P5/8 w - - 1 40,18.976666666666667,19.014166666666668,2,2,accurate,0.3,11.41946394607454,0.9889755774187822,-10.430488368655757,-10.430488368655757,11.41946394607454,9.721386705101704,11.41946394607454,1.698077240972836,1.698077240972836,0,0,1.698077240972836,0.0,0.6808449442714735,1.9755462537174535,1.9755462537174535,1.9755462537174535,1.9755462537174535,2,2,2,,1,1,1,2,2,0,0,0,0,0,1.0,1.0,,2,111,1,1,1.0,9,0.08347941499960143,a8a7,True,0.9889755774187822,0.9889755774187822,,18.987083333333334,17.998107755914553,1,False,False,False,False,False,False
79,40,white,White material conservative,c6,c5c6,8/k7/3Q4/2P1P3/P4NP1/3KP3/2P5/8 w - - 1 40,8/k7/2PQ4/4P3/P4NP1/3KP3/2P5/8 b - - 0 40,19.014166666666668,18.987083333333334,2,2,accurate,0.3,4.733254196484276,18.997172534239887,14.263918337755612,14.263918337755612,4.733254196484276,2.498647487722297,4.733254196484276,2.2346067087619788,2.2346067087619788,-1.8319167321286138,3.936709521216302,0.1298139196742914,-8.881784197001252e-16,0.9682900029613839,2.6334374367365325,2.6334374367365325,2.6334374367365325,2.6334374367365325,2,2,2,,1,1,1,35,35,33,0.9991179358277981,0.9922629733933893,0.9991179358277981,0.9922629733933893,0.0008820641722019687,0.007737026606610778,,4,381,1,1,4.0,136,0.2589633210009197,c5c6,False,18.997172534239887,18.997172534239887,,18.987083333333334,-0.01008920090655252,1,False,False,False,False,False,False
80,41,black,Black positional controller,Ka6,a7a6,8/k7/2PQ4/4P3/P4NP1/3KP3/2P5/8 b - - 0 40,8/8/k1PQ4/4P3/P4NP1/3KP3/2P5/8 w - - 1 41,18.987083333333334,18.987083333333334,2,2,accurate,0.3,9.033678172981874,0.010981301658126282,-9.022696871323747,-9.022696871323747,9.033678172981874,11.41946394607454,9.033678172981874,-2.3857857730926657,-2.3857857730926657,0,0,-2.3857857730926657,0.0,1.049606860197159,2.8565278824747966,2.8565278824747966,2.8565278824747966,2.8565278824747966,2,2,2,,1,1,1,2,3,0,0,0,0,0,1.0,1.0,,2,227,1,1,1.0,12,0.1845219359965995,a7a6,True,0.010981301658126282,0.010981301658126282,,19.042916666666667,19.03193536500854,1,False,False,False,False,False,False
81,41,white,White material conservative,Qd5,d6d5,8/8/k1PQ4/4P3/P4NP1/3KP3/2P5/8 w - - 1 41,8/8/k1P5/3QP3/P4NP1/3KP3/2P5/8 b - - 2 41,18.987083333333334,19.042916666666667,2,2,accurate,0.3,1.4023757409982098,18.989831983343013,17.587456242344803,17.587456242344803,1.4023757409982098,4.733254196484276,1.4023757409982098,-3.330878455486066,-3.330878455486066,3.7239813113467806,-4.340382642127082,-2.714477124705764,-4.440892098500626e-16,1.0184584705840942,2.768923095956457,2.768923095956457,2.768923095956457,2.768923095956457,2,2,2,,1,1,1,35,35,31,0.09013879131622105,0.5049845156409227,0.09013879131622105,0.5049845156409227,0.9098612086837791,0.4950154843590772,,4,524,1,1,1.25,119,0.37344159300846513,d6d5,False,18.989831983343013,18.989831983343013,,18.98875,-0.0010819833430133485,1,False,False,False,False,False,False
82,42,black,Black positional controller,Ka7,a6a7,8/8/k1P5/3QP3/P4NP1/3KP3/2P5/8 b - - 2 41,8/k7/2P5/3QP3/P4NP1/3KP3/2P5/8 w - - 3 42,19.042916666666667,18.98875,2,2,accurate,0.3,19.056989664587462,19.01399661319844,-0.042993051389021986,-0.042993051389021986,19.056989664587462,9.033678172981874,19.056989664587462,10.023311491605588,10.023311491605588,0,0,10.023311491605588,0.0,0.6913702885961628,1.9964493715482294,1.9964493715482294,1.9964493715482294,1.9964493715482294,2,2,2,,1,1,1,3,2,0,0,0,0,0,1.0,1.0,,2,160,1,1,1.0,10,0.11656855599721894,a6a7,True,19.01399661319844,19.01399661319844,,19.092916666666667,0.07892005346822728,1,False,False,False,False,False,False
83,42,white,White material conservative,c7,c6c7,8/k7/2P5/3QP3/P4NP1/3KP3/2P5/8 w - - 3 42,8/k1P5/8/3QP3/P4NP1/3KP3/2P5/8 b - - 0 42,18.98875,19.092916666666667,2,2,accurate,0.3,19.03440616517071,23.079281678819996,4.044875513649284,4.044875513649284,19.03440616517071,1.4023757409982098,19.03440616517071,17.632030424172502,17.632030424172502,0.32565532685149,0.10002466954851902,17.20635042777249,0.0,1.2369482209333809,3.445083771249936,3.445083771249936,3.445083771249936,3.445083771249936,2,2,2,,2,1,2,35,36,19,0.000259947678394969,0.01869354651670944,0.000259947678394969,0.01869354651670944,0.999740052321605,0.9813064534832906,,5,761,2,1,1.2,160,0.5073302569944644,c6c7,True,23.079281678819996,23.079281678819996,,19.092916666666667,-3.9863650121533283,1,False,False,False,False,False,False
84,43,black,Black positional controller,Ka6,a7a6,8/k1P5/8/3QP3/P4NP1/3KP3/2P5/8 b - - 0 42,8/2P5/k7/3QP3/P4NP1/3KP3/2P5/8 w - - 1 43,19.092916666666667,19.092916666666667,2,2,accurate,0.3,6769.323853199526,9999.999971629126,3230.6761184296,3230.6761184296,6769.323853199526,19.056989664587462,6769.323853199526,6750.266863534938,6750.266863534938,0,0,6750.266863534938,0.0,0.629812884893869,1.8772592828289913,1.8772592828289913,1.8772592828289913,1.8772592828289913,2,2,2,,1,1,1,2,2,0,0,0,0,0,1.0,1.0,,3,112,1,1,1.0,15,0.09607962401059922,a7a6,False,9999.999971629126,9999.999971629126,,27.31375,-9972.686221629127,1,False,False,False,False,False,False
85,43,white,White material conservative,c8=Q+,c7c8q,8/2P5/k7/3QP3/P4NP1/3KP3/2P5/8 w - - 1 43,2Q5/8/k7/3QP3/P4NP1/3KP3/2P5/8 b - - 0 43,19.092916666666667,27.31375,2,2,accurate,0.3,5527.054806541153,5527.054806546768,5.615220288746059e-09,5.615220288746059e-09,5527.054806541153,19.03440616517071,5527.054806541153,5508.020400375983,5508.020400375983,-17.59338195831977,-1.0184931480865371,5526.632275482389,0.0,2.9206256638743427e-11,1.0000000000292062,1.0000000000292062,1.0000000000292062,1.0000000000292062,2,2,2,,1,2,1,36,42,35,0.9816921919562096,9.510769349259808e-22,0.9816921919562096,9.510769349259808e-22,0.01830780804379041,0.9999999999999999,,3,363,1,1,1.6666666666666667,116,0.24246132500411477,c7c8q,True,5527.054806546768,5527.054806546768,,27.22833333333333,-5499.826473213435,1,False,False,False,False,False,False
86,44,black,Black positional controller,Ka7,a6a7,2Q5/8/k7/3QP3/P4NP1/3KP3/2P5/8 b - - 0 43,2Q5/k7/8/3QP3/P4NP1/3KP3/2P5/8 w - - 1 44,27.31375,27.22833333333333,2,2,accurate,0.3,10000.0,10000.0,0.0,0.0,10000.0,6769.323853199526,10000.0,3230.6761468004743,3230.6761468004743,0,0,3230.6761468004743,0.0,0.6708141265724976,1.9558289649797007,1.9558289649797007,1.9558289649797007,1.9558289649797007,2,2,2,,1,1,1,2,2,0,0,0,0,0,1.0,1.0,,3,0,2,1,1.0,12,0.002281441993545741,a6a7,True,10000.0,10000.0,,10000.0,0.0,1,False,False,False,False,False,False
87,44,white,White material conservative,Qcb7#,c8b7,2Q5/k7/8/3QP3/P4NP1/3KP3/2P5/8 w - - 1 44,8/kQ6/8/3QP3/P4NP1/3KP3/2P5/8 b - - 2 44,27.22833333333333,10000.0,2,2,accurate,0.3,10000.0,10000.0,0.0,0.0,10000.0,5527.054806541153,10000.0,4472.945193458847,4472.945193458847,3412.5696780435405,3402.8223293896012,-2342.446813974296,1.8189894035458565e-12,1.5529646011054274,4.7254585370025755,4.7254585370025755,4.7254585370025755,4.7254585370025755,2,2,2,,2,1,2,42,55,38,1.0512083070650545e-21,0.6815392007433142,1.0512083070650545e-21,0.6815392007433142,0.9999999999999999,0.3184607992566857,,1,69,0,0,2.0,2,0.05135009800142143,c8b7,True,10000.0,10000.0,,,,1,False,False,False,False,True,False
